date,month,n,n_tradable,ic_GBM_EVENT,gross_GBM_EVENT,pred_GBM_EVENT,ic_StockMixer_T1_EVENT,gross_StockMixer_T1_EVENT,pred_StockMixer_T1_EVENT,ic_GBM_TFIDF,gross_GBM_TFIDF,pred_GBM_TFIDF,ic_StockMixer_T1_TFIDF,gross_StockMixer_T1_TFIDF,pred_StockMixer_T1_TFIDF,ic_GBM_SHUFFLE,gross_GBM_SHUFFLE,pred_GBM_SHUFFLE,ic_StockMixer_T1_SHUFFLE,gross_StockMixer_T1_SHUFFLE,pred_StockMixer_T1_SHUFFLE,ic_GBM_NOTEXT,gross_GBM_NOTEXT,pred_GBM_NOTEXT,ic_StockMixer_T1_NOTEXT,gross_StockMixer_T1_NOTEXT,pred_StockMixer_T1_NOTEXT,turnover_GBM_EVENT,net_GBM_EVENT,turnover_GBM_TFIDF,net_GBM_TFIDF,turnover_GBM_SHUFFLE,net_GBM_SHUFFLE,turnover_GBM_NOTEXT,net_GBM_NOTEXT,turnover_StockMixer_T1_EVENT,net_StockMixer_T1_EVENT,turnover_StockMixer_T1_TFIDF,net_StockMixer_T1_TFIDF,turnover_StockMixer_T1_SHUFFLE,net_StockMixer_T1_SHUFFLE,turnover_StockMixer_T1_NOTEXT,net_StockMixer_T1_NOTEXT
2025-08-01,2025-08,17,17,0.08088235294117647,,,-0.012254901960784314,,,-0.16953368125958238,,,0.029484118479927372,,,0.08088235294117647,,,0.11274509803921569,,,-0.0012262418000718593,,,-0.3112745098039216,,,,,,,,,,,,,,,,,,
2025-08-04,2025-08,15,15,-0.13978584413286751,,,-0.08571428571428572,,,0.007142857142857143,,,-0.5107142857142857,,,0.1,,,-0.14285714285714285,,,-0.4847043549302107,,,0.3392857142857143,,,,,,,,,,,,,,,,,,
2025-08-05,2025-08,24,24,0.019569472086883904,-0.10424922413731885,0.0480025829716024,-0.15565217391304348,0.14006238014224404,0.5555437281727791,-0.36372418892955566,-0.10408250796328894,0.1842984072644442,0.28249546187332736,-0.05442637334656886,0.8667705655097961,-0.004347826086956522,-0.09945736132040706,0.05937163093454963,-0.2808695652173913,-0.08824958676229411,0.8062713742256165,0.003922434454624973,0.10327105661026659,0.062416471727459316,0.2008695652173913,0.06790025212178097,0.2005358450114727,1.0,-0.10674922413731885,1.0,-0.10658250796328894,1.0,-0.10195736132040706,1.0,0.10077105661026659,1.0,0.13756238014224403,1.0,-0.05692637334656886,1.0,-0.09074958676229411,1.0,0.06540025212178097
2025-08-06,2025-08,26,26,-0.0905982905982906,-0.033725896988397494,0.10655267184330969,0.0071794871794871795,-0.005838671730439504,0.6848853826522827,0.2359458044096557,0.11082468271062051,0.1409770203004036,0.054343202764906125,0.05957352697388203,0.9663117130597432,0.031794871794871796,0.02041617705810269,0.08565089847380358,0.3388034188034188,0.0933747736762595,0.7448350290457408,0.12275602846533802,0.010758577822821599,0.08691362398321323,0.1111111111111111,0.04664712132112034,0.5970491270224253,1.3333333333333333,-0.03705923032173083,2.0,0.10582468271062051,2.0,0.015416177058102689,1.6666666666666665,0.0065919111561549325,2.0,-0.010838671730439505,2.0,0.054573526973882035,2.0,0.0883747736762595,1.0,0.044147121321120336
2025-08-07,2025-08,27,24,-0.31929181929181927,-0.12859310953727449,0.08547679870631789,-0.3266178266178266,-0.06293892570444098,1.2024872452020645,0.23233240349380152,0.1688223599142124,0.21756229038569336,0.3402339789816623,0.14969803109613833,0.8152199909090996,0.054945054945054944,0.012790404428892344,0.07192001437711859,-0.2039072039072039,-0.07324042332313152,1.2452688217163086,-0.06839694975336874,-0.06497070948583622,0.07456535744997249,-0.06105006105006105,-0.1688999500015695,0.8488403484225273,2.0,-0.1335931095372745,2.0,0.1638223599142124,1.6666666666666665,0.008623737762225678,2.0,-0.06997070948583622,1.6666666666666665,-0.06710559237110765,1.6666666666666665,0.14553136442947165,1.6666666666666665,-0.07740708998979819,1.3333333333333333,-0.17223328333490281
2025-08-08,2025-08,11,11,-0.5454545454545454,,,-0.18181818181818182,,,-0.6378148666094873,,,0.05466984570938462,,,0.2636363636363636,,,0.21818181818181817,,,-0.15454545454545454,,,0.37272727272727274,,,,,,,,,,,,,,,,,,
2025-08-11,2025-08,22,21,-0.1507622811970638,-0.1290965873255353,0.05185586051710775,-0.20948616600790515,-0.0006917819417900928,1.0523947924375534,-0.08413325804630152,-0.1181748525775086,0.14578298276608997,-0.011857707509881422,-0.052789532484085466,0.8351356610655785,-0.17447769621682666,-0.15885966164043608,0.07029451032316889,0.2704686617730096,0.009597813963439727,1.1197586506605148,-0.28176171654432525,-0.23859778843890478,0.03699133568659321,-0.21739130434782608,0.028502135065512024,2.3741690516471863,2.0,-0.1340965873255353,2.0,-0.1231748525775086,2.0,-0.16385966164043608,2.0,-0.24359778843890478,2.0,-0.005691781941790093,2.0,-0.057789532484085464,1.5,0.005847813963439728,1.5,0.024752135065512024
2025-08-12,2025-08,15,14,-0.44642857142857145,,,-0.18214285714285713,,,-0.039285714285714285,,,-0.12142857142857143,,,-0.25,,,0.014285714285714285,,,-0.15013410820738635,,,-0.6392857142857142,,,,,,,,,,,,,,,,,,
2025-08-13,2025-08,19,18,0.47368421052631576,,,-0.014035087719298246,,,0.35103118780794457,,,-0.2246599601970845,,,0.16666666666666666,,,-0.11754385964912281,,,0.3385964912280702,,,-0.07894736842105263,,,,,,,,,,,,,,,,,,
2025-08-14,2025-08,16,15,0.7264705882352941,,,0.4823529411764706,,,0.08529411764705883,,,0.31176470588235294,,,0.3764705882352941,,,0.01764705882352941,,,0.6294117647058823,,,0.2529411764705882,,,,,,,,,,,,,,,,,,
2025-08-15,2025-08,11,11,-0.17272727272727273,,,0.5181818181818182,,,0.14545454545454545,,,0.21818181818181817,,,0.3181818181818182,,,0.23636363636363636,,,-0.33636363636363636,,,0.08181818181818182,,,,,,,,,,,,,,,,,,
2025-08-18,2025-08,15,15,0.13214285714285715,,,0.19642857142857142,,,-0.12857142857142856,,,-0.37142857142857144,,,-0.2857142857142857,,,0.3892857142857143,,,-0.08571428571428572,,,-0.575,,,,,,,,,,,,,,,,,,
2025-08-19,2025-08,10,10,-0.40606060606060607,,,-0.06666666666666667,,,-0.01818181818181818,,,-0.5272727272727272,,,0.2727272727272727,,,0.16363636363636364,,,-0.16363636363636364,,,-0.22424242424242424,,,,,,,,,,,,,,,,,,
2025-08-20,2025-08,13,13,0.01098901098901099,,,-0.1813186813186813,,,0.24209101306752098,,,0.1155434380549532,,,0.18681318681318682,,,-0.11538461538461539,,,-0.06593406593406594,,,-0.2032967032967033,,,,,,,,,,,,,,,,,,
2025-08-22,2025-08,10,9,-0.2,,,-0.05454545454545454,,,-0.030303030303030304,,,-0.030303030303030304,,,0.10303030303030303,,,-0.6727272727272727,,,-0.24848484848484848,,,0.503030303030303,,,,,,,,,,,,,,,,,,
2025-08-25,2025-08,14,13,-0.6351648351648351,,,-0.01978021978021978,,,-0.38063829413868244,,,-0.059405976541875294,,,-0.3934065934065934,,,0.5296703296703297,,,-0.5340659340659341,,,0.16483516483516483,,,,,,,,,,,,,,,,,,
2025-08-26,2025-08,12,12,-0.3076923076923077,,,0.027972027972027972,,,-0.11888111888111888,,,0.26573426573426573,,,-0.1048951048951049,,,-0.04195804195804196,,,-0.3776223776223776,,,-0.06293706293706294,,,,,,,,,,,,,,,,,,
2025-08-27,2025-08,13,12,-0.12087912087912088,,,0.06043956043956044,,,0.09340659340659341,,,0.10989010989010989,,,0.1978021978021978,,,-0.03296703296703297,,,-0.25859721850394285,,,0.23076923076923078,,,,,,,,,,,,,,,,,,
2025-08-28,2025-08,11,11,-0.5454545454545454,,,-0.13636363636363635,,,0.33636363636363636,,,0.18181818181818182,,,-0.2727272727272727,,,-0.12727272727272726,,,-0.32727272727272727,,,0.24545454545454545,,,,,,,,,,,,,,,,,,
2025-09-02,2025-09,18,17,-0.6099071207430341,,,0.43653250773993807,,,0.1828513372397004,,,0.31921504636761255,,,-0.5108359133126935,,,0.07739938080495357,,,-0.4551083591331269,,,0.8142414860681114,,,,,,,,,,,,,,,,,,
2025-09-04,2025-09,10,10,-0.030303030303030304,,,0.09090909090909091,,,0.09090909090909091,,,0.09090909090909091,,,0.5393939393939394,,,-0.4666666666666667,,,0.22424242424242424,,,-0.04242424242424243,,,,,,,,,,,,,,,,,,
2025-09-11,2025-09,11,11,-0.2545454545454545,,,-0.4090909090909091,,,0.38181818181818183,,,0.42727272727272725,,,-0.3,,,0.03636363636363636,,,-0.45454545454545453,,,0.34545454545454546,,,,,,,,,,,,,,,,,,
2025-09-12,2025-09,12,11,0.055944055944055944,,,-0.35664335664335667,,,0.34265734265734266,,,-0.09090909090909091,,,-0.06993006993006994,,,0.6083916083916084,,,0.08391608391608392,,,-0.06293706293706294,,,,,,,,,,,,,,,,,,
2025-09-15,2025-09,13,12,0.15934065934065933,,,-0.25824175824175827,,,0.0989010989010989,,,-0.10989010989010989,,,0.08791208791208792,,,0.4175824175824176,,,0.09340659340659341,,,0.027472527472527472,,,,,,,,,,,,,,,,,,
2025-09-16,2025-09,14,13,-0.37142857142857144,,,-0.33186813186813185,,,-0.09460951819631991,,,-0.31903209624340434,,,-0.2043956043956044,,,0.43736263736263736,,,-0.43736263736263736,,,0.24835164835164836,,,,,,,,,,,,,,,,,,
2025-09-17,2025-09,11,10,-0.33636363636363636,,,0.05454545454545454,,,0.509090909090909,,,-0.4727272727272727,,,-0.3,,,-0.35454545454545455,,,0.00909090909090909,,,-0.11818181818181818,,,,,,,,,,,,,,,,,,
2025-09-22,2025-09,11,10,0.5636363636363636,,,-0.41818181818181815,,,0.2,,,-0.2909090909090909,,,0.42727272727272725,,,0.15454545454545454,,,0.3181818181818182,,,0.09090909090909091,,,,,,,,,,,,,,,,,,
2025-09-23,2025-09,13,13,0.038461538461538464,,,-0.3131868131868132,,,-0.038461538461538464,,,-0.7582417582417582,,,0.26373626373626374,,,0.5054945054945055,,,0.2967032967032967,,,0.03296703296703297,,,,,,,,,,,,,,,,,,
2025-09-24,2025-09,15,15,0.18214285714285713,,,-0.32142857142857145,,,-0.02857142857142857,,,-0.6392857142857142,,,0.11785714285714285,,,-0.16428571428571428,,,0.17857142857142858,,,0.05,,,,,,,,,,,,,,,,,,
2025-09-25,2025-09,11,10,0.45454545454545453,,,0.32727272727272727,,,0.17272727272727273,,,-0.13636363636363635,,,0.4090909090909091,,,0.24545454545454545,,,0.6181818181818182,,,0.3,,,,,,,,,,,,,,,,,,
2025-09-26,2025-09,12,11,-0.5874125874125874,,,0.04195804195804196,,,-0.7132867132867133,,,0.03496503496503497,,,-0.5034965034965035,,,0.2937062937062937,,,-0.7202797202797203,,,-0.0979020979020979,,,,,,,,,,,,,,,,,,
2025-10-01,2025-10,15,15,-0.06785714285714285,,,-0.14285714285714285,,,-0.3821428571428571,,,0.5928571428571429,,,-0.28214285714285714,,,-0.07857142857142857,,,-0.3964285714285714,,,-0.060714285714285714,,,,,,,,,,,,,,,,,,
2025-10-02,2025-10,14,14,0.24395604395604395,,,0.11648351648351649,,,-0.16923076923076924,,,0.02857142857142857,,,0.024175824175824177,,,0.024175824175824177,,,0.046153846153846156,,,-0.15604395604395604,,,,,,,,,,,,,,,,,,
2025-10-03,2025-10,18,18,-0.15170278637770898,,,0.15789473684210525,,,0.020650493201102484,,,0.5141972807074519,,,-0.11248710010319918,,,-0.12074303405572756,,,-0.2590299277605779,,,-0.1393188854489164,,,,,,,,,,,,,,,,,,
2025-10-06,2025-10,21,21,-0.3012987012987013,-0.009815711410747718,0.10035536324058708,0.06233766233766234,-0.013148361427264055,0.667863555252552,-0.17142857142857143,0.025710715490377845,0.10669031185112408,-0.35714285714285715,-0.0605274088586949,1.2353317588567734,0.0012987012987012987,-0.10761211308416574,0.11166413131221378,0.032467532467532464,-0.01973348893721588,1.0588980168104172,-0.34935064935064936,-0.0025998232687129974,0.09071029862403049,0.19220779220779222,0.02914766611738323,0.3171631023287773,2.0,-0.01481571141074772,1.5,0.021960715490377845,2.0,-0.11261211308416574,1.5,-0.006349823268712997,2.0,-0.018148361427264056,2.0,-0.0655274088586949,2.0,-0.024733488937215883,2.0,0.02414766611738323
2025-10-07,2025-10,18,18,0.12487100103199174,,,0.007223942208462332,,,0.1021671826625387,,,-0.20949432404540763,,,-0.20330237358101136,,,-0.11661506707946337,,,-0.08978328173374613,,,0.23426212590299278,,,,,,,,,,,,,,,,,,
2025-10-08,2025-10,15,15,0.06785714285714285,,,0.575,,,-0.175,,,-0.08214285714285714,,,-0.1357142857142857,,,0.15714285714285714,,,-0.007142857142857143,,,0.1,,,,,,,,,,,,,,,,,,
2025-10-09,2025-10,23,23,0.019762845849802372,0.04347560203398315,0.1553476919864098,0.43478260869565216,0.1792908860228289,0.8839621245861053,-0.10575735435288913,-0.0011204791484432097,0.20498490444843276,-0.2975043332730806,0.018784555981446627,1.4869363009929657,-0.19268774703557312,-0.01315284099859737,0.188422455993002,-0.383399209486166,-0.13810070217600567,0.7649801522493362,-0.009389671648153708,0.04347560203398315,0.13044465548900272,0.24703557312252963,0.06802255105196148,0.3556473106145859,2.0,0.038475602033983154,2.0,-0.00612047914844321,2.0,-0.01815284099859737,2.0,0.038475602033983154,1.5,0.17554088602282888,2.0,0.013784555981446626,2.0,-0.14310070217600568,1.0,0.06552255105196148
2025-10-10,2025-10,13,13,0.6538461538461539,,,0.7527472527472527,,,-0.04395604395604396,,,0.054945054945054944,,,0.23076923076923078,,,-0.4835164835164835,,,0.4835164835164835,,,0.34615384615384615,,,,,,,,,,,,,,,,,,
2025-10-13,2025-10,18,17,-0.16821465428276575,,,-0.038183694530443756,,,0.1475748194014448,,,-0.23219814241486067,,,-0.36016511867905054,,,-0.47987616099071206,,,-0.009287925696594427,,,0.02786377708978328,,,,,,,,,,,,,,,,,,
2025-10-14,2025-10,18,18,-0.06707946336429309,,,0.5046439628482973,,,-0.1021671826625387,,,0.0196078431372549,,,-0.4117647058823529,,,-0.1867905056759546,,,0.14963880288957687,,,-0.24251805985552116,,,,,,,,,,,,,,,,,,
2025-10-15,2025-10,18,18,0.025799793601651185,,,-0.14963880288957687,,,-0.1393188854489164,,,-0.30856553147574817,,,-0.14138286893704852,,,0.11455108359133127,,,0.05675954592363261,,,0.38699690402476783,,,,,,,,,,,,,,,,,,
2025-10-16,2025-10,17,17,0.01715686274509804,,,-0.1323529411764706,,,-0.06376457360373669,,,0.04659718840273066,,,0.3946078431372549,,,0.22303921568627452,,,0.10294117647058823,,,-0.3627450980392157,,,,,,,,,,,,,,,,,,
2025-10-17,2025-10,17,15,-0.2622549019607843,,,0.09068627450980392,,,-0.1323529411764706,,,-0.17892156862745098,,,-0.5245098039215687,,,-0.4583333333333333,,,-0.2426470588235294,,,-0.30392156862745096,,,,,,,,,,,,,,,,,,
2025-10-20,2025-10,20,19,0.019548872180451128,,,-0.5278195488721804,,,0.17593984962406015,,,0.18195488721804512,,,-0.28270676691729324,,,-0.1774436090225564,,,-0.010526315789473684,,,-0.18796992481203006,,,,,,,,,,,,,,,,,,
2025-10-21,2025-10,10,10,0.3939393939393939,,,-0.5151515151515151,,,0.09090909090909091,,,-0.5393939393939394,,,0.22424242424242424,,,0.1393939393939394,,,0.12727272727272726,,,-0.6242424242424243,,,,,,,,,,,,,,,,,,
2025-10-22,2025-10,16,15,-0.10882352941176471,,,0.0058823529411764705,,,0.1486387451705782,,,-0.26342906322310394,,,-0.4470588235294118,,,0.11176470588235295,,,-0.05588235294117647,,,0.1323529411764706,,,,,,,,,,,,,,,,,,
2025-10-23,2025-10,24,24,0.3034782608695652,0.056215816285639875,0.06794034444553101,0.014782608695652174,0.017383458158758858,1.4006506502628326,0.06347826086956522,0.04779343223170035,0.11654722985878332,0.00782608695652174,0.009885715046747567,0.9884470850229263,0.19652173913043477,-0.04738260037462427,0.06799012156652809,-0.004347826086956522,0.0045748604651751346,1.0161211043596268,0.22869565217391305,0.040570705923019756,0.049377545930412554,0.16,0.04232600817838933,0.2705942839384079,1.5,0.05246581628563987,2.0,0.04279343223170035,2.0,-0.05238260037462427,2.0,0.03557070592301976,2.0,0.012383458158758857,1.5,0.0061357150467475675,2.0,-0.00042513953482486554,1.0,0.03982600817838933
2025-10-24,2025-10,16,16,0.17058823529411765,,,-0.17352941176470588,,,0.25,,,-0.5352941176470588,,,-0.061764705882352944,,,-0.1,,,0.15294117647058825,,,0.49411764705882355,,,,,,,,,,,,,,,,,,
2025-10-27,2025-10,17,17,0.13480392156862744,,,0.2622549019607843,,,0.13970588235294118,,,0.4632352941176471,,,0.2647058823529412,,,-0.004901960784313725,,,0.5,,,-0.07352941176470588,,,,,,,,,,,,,,,,,,
2025-10-28,2025-10,18,18,0.17440660474716202,,,0.3106295149638803,,,0.12899896800825594,,,0.46542827657378744,,,0.27347781217750256,,,0.12693498452012383,,,0.37874097007223945,,,0.034055727554179564,,,,,,,,,,,,,,,,,,
2025-10-29,2025-10,18,18,-0.1475748194014448,,,-0.023735810113519093,,,0.2776057791537668,,,0.005159958720330237,,,-0.40350877192982454,,,-0.37254901960784315,,,-0.18472652218782248,,,0.12693498452012383,,,,,,,,,,,,,,,,,,
2025-10-30,2025-10,23,23,0.06422924901185771,0.005773988261781271,0.05644651726167485,-0.1422924901185771,-0.14100308156156283,1.0182174444198608,-0.07874707682847978,0.047261818528885446,0.15627617713651049,0.042862332957273805,-0.03412095349476463,1.5290503054857254,0.21936758893280633,0.09779153644271543,0.09583874934219444,0.01383399209486166,-0.0010386766366580202,0.4399880915880203,0.2341897233201581,-0.0034767096795954022,0.04209057870777469,0.0,-0.015850128985958167,0.29993820935487747,2.0,0.0007739882617812709,2.0,0.04226181852888545,2.0,0.09279153644271543,2.0,-0.008476709679595403,2.0,-0.14600308156156283,2.0,-0.039120953494764625,2.0,-0.00603867663665802,1.5,-0.019600128985958167
2025-10-31,2025-10,18,18,-0.26109391124871,,,0.36016511867905054,,,0.06914344685242518,,,-0.35190918472652216,,,-0.03611971104231166,,,-0.37048503611971106,,,-0.054695562435500514,,,0.005159958720330237,,,,,,,,,,,,,,,,,,
2025-11-03,2025-11,21,21,0.16233766233766234,-0.03761805148026759,0.03975495700108832,-0.287012987012987,-0.16967933136884716,0.9853414967656136,-0.2550427759988321,0.013426376686161867,0.07820550862862279,0.1164229181347017,0.0028892819967949457,0.7025997489690781,0.2519480519480519,-0.003027984390579719,0.06424004477745698,0.02077922077922078,-0.06372697104255559,0.7509447485208511,-0.13246753246753246,-0.09810081347055566,0.04680967704448183,-0.20909090909090908,-0.06774658459023597,0.20671630650758743,2.0,-0.04261805148026759,2.0,0.008426376686161866,2.0,-0.00802798439057972,2.0,-0.10310081347055566,2.0,-0.17467933136884717,2.0,-0.0021107180032050544,2.0,-0.0687269710425556,1.0,-0.07024658459023597
2025-11-04,2025-11,32,31,0.05828445747800586,-0.0317436444586289,0.050778488414551126,-0.19868035190615835,-0.11798281266294153,0.7290588294466336,0.10318061357209099,-0.061837638655381416,0.11016526643649716,0.20879841367691662,0.020964267872195148,0.9523558517297109,0.22947214076246333,0.1935631959361718,0.06365792204634058,-0.0872434017595308,-0.03398453919600656,1.099259654680888,0.22222223716348347,0.02265934570109733,0.040921010446755446,0.07111436950146628,0.1301641307617713,0.22615561510125798,2.0,-0.0367436444586289,2.0,-0.06683763865538142,1.6666666666666665,0.18939652926950512,2.0,0.01765934570109733,1.6666666666666665,-0.1221494793296082,2.0,0.015964267872195147,1.6666666666666665,-0.038151205862673225,1.3333333333333333,0.12683079742843797
2025-11-05,2025-11,34,34,0.10771581359816654,-0.0033156132713612826,0.10640884724768118,-0.23391902215431626,-0.10845610752894137,0.9862849911053975,0.12307762435457802,0.09062300807358066,0.11167866082944095,-0.056757601206121194,0.04345313678392101,1.068282276391983,0.1012987012987013,0.13592248374513352,0.09044376168302735,-0.4799083269671505,-0.2870957230571811,1.0443592593073845,0.2810637453634125,0.0894312736714,0.0954777130294626,-0.011764705882352941,0.06060042457324311,0.2687339043865601,1.6666666666666665,-0.007482279938027949,2.0,0.08562300807358066,2.0,0.13092248374513352,2.0,0.08443127367139999,1.3333333333333333,-0.1117894408622747,2.0,0.03845313678392101,2.0,-0.2920957230571811,1.3333333333333333,0.05726709123990978
2025-11-06,2025-11,37,36,0.1891891891891892,-0.0034832369350470405,0.10077790425618434,0.07444286391654813,-0.0671305310848054,0.678391870111227,0.11978159119823649,-0.03866827895934344,0.14240551811169244,-0.13180785537476625,-0.060068523805239665,0.7683949023485184,0.057610241820768134,0.04545979267073935,0.09116634708900151,0.3762446657183499,0.13994952010480052,0.7443810328841209,0.16264596080969015,-0.019829573511568027,0.09194666972401386,0.09933617828354671,0.0031239783533552334,0.28163707442581654,1.75,-0.007858236935047041,2.0,-0.043668278959343436,1.5,0.04170979267073935,2.0,-0.024829573511568028,1.5,-0.07088053108480541,2.0,-0.06506852380523967,2.0,0.13494952010480052,1.75,-0.001251021646644767
2025-11-07,2025-11,16,16,0.052941176470588235,,,-0.43529411764705883,,,-0.2088235294117647,,,-0.15588235294117647,,,0.026470588235294117,,,0.041176470588235294,,,0.03823529411764706,,,-0.18529411764705883,,,,,,,,,,,,,,,,,,
2025-11-10,2025-11,23,21,0.3339920948616601,0.041377839594968324,0.08920820961954783,0.05434782608695652,-0.050760950491131884,0.9095639139413834,0.042490118577075096,-0.023421663967234607,0.07598256331383085,-0.09189723320158102,-0.023913446069373012,1.2698444426059723,0.34189723320158105,0.04141388250061556,0.11632642450391238,0.30434782608695654,0.06248761124452751,1.170506812632084,0.21146245059288538,0.0927734622023475,0.07282546781341578,0.49604743083003955,0.17883929095532647,0.30751992389559746,1.5,0.03762783959496832,2.0,-0.028421663967234608,1.5,0.03766388250061556,1.75,0.0883984622023475,1.75,-0.05513595049113189,2.0,-0.028913446069373013,2.0,0.05748761124452751,1.5,0.17508929095532647
2025-11-11,2025-11,12,11,0.4755244755244755,,,0.5804195804195804,,,-0.1263165670480507,,,-0.2315803729214263,,,0.2937062937062937,,,0.03496503496503497,,,-0.027972027972027972,,,0.3776223776223776,,,,,,,,,,,,,,,,,,
2025-11-12,2025-11,18,18,-0.029927760577915376,,,0.20743034055727555,,,0.16408668730650156,,,-0.08771929824561403,,,0.2590299277605779,,,-0.21155830753353974,,,0.41382868937048506,,,0.05675954592363261,,,,,,,,,,,,,,,,,,
2025-11-13,2025-11,21,19,0.18051948051948052,,,0.05714285714285714,,,-0.0428710642942023,,,-0.06105878854022752,,,0.046753246753246755,,,-0.2727272727272727,,,-0.03896103896103896,,,0.22077922077922077,,,,,,,,,,,,,,,,,,
2025-11-14,2025-11,13,12,0.054945054945054944,,,0.13736263736263737,,,0.1978021978021978,,,0.01098901098901099,,,-0.7032967032967034,,,0.12637362637362637,,,-0.5164835164835165,,,-0.11538461538461539,,,,,,,,,,,,,,,,,,
2025-11-17,2025-11,17,17,0.014705882352941176,,,-0.24019607843137256,,,0.2769607843137255,,,-0.0661764705882353,,,-0.19117647058823528,,,-0.051470588235294115,,,-0.07352941176470588,,,0.049019607843137254,,,,,,,,,,,,,,,,,,
2025-11-18,2025-11,19,19,-0.04912280701754386,,,-0.010526315789473684,,,0.30701754385964913,,,-0.20526315789473684,,,-0.18070175438596492,,,0.3929824561403509,,,0.014035087719298246,,,-0.05263157894736842,,,,,,,,,,,,,,,,,,
2025-11-19,2025-11,17,17,-0.12254901960784313,,,0.17401960784313725,,,0.2965686274509804,,,-0.14460784313725492,,,0.08333333333333333,,,-0.5367647058823529,,,0.004901960784313725,,,0.09803921568627451,,,,,,,,,,,,,,,,,,
2025-11-20,2025-11,19,18,0.008771929824561403,,,-0.10175438596491228,,,0.1904344193858099,,,0.1746380159344524,,,0.05263157894736842,,,-0.028070175438596492,,,-0.0043878898475993066,,,-0.18070175438596492,,,,,,,,,,,,,,,,,,
2025-11-21,2025-11,18,16,-0.034055727554179564,,,0.19917440660474717,,,-0.015487869900826864,,,0.4388229805234278,,,-0.1001031991744066,,,-0.2755417956656347,,,0.06501547987616099,,,-0.05263157894736842,,,,,,,,,,,,,,,,,,
2025-11-24,2025-11,18,17,-0.29205366357069146,,,0.021671826625386997,,,0.08771929824561403,,,0.32094943240454077,,,-0.3622291021671827,,,-0.14138286893704852,,,0.02786377708978328,,,-0.2837977296181631,,,,,,,,,,,,,,,,,,
2025-11-25,2025-11,17,16,0.18382352941176472,,,-0.14705882352941177,,,0.10306756224743199,,,0.009815958309279237,,,-0.3088235294117647,,,0.18627450980392157,,,0.0392156862745098,,,-0.08088235294117647,,,,,,,,,,,,,,,,,,
2025-11-26,2025-11,12,11,0.0979020979020979,,,0.1888111888111888,,,-0.16083916083916083,,,-0.23776223776223776,,,-0.11888111888111888,,,0.02097902097902098,,,0.055944055944055944,,,0.11188811188811189,,,,,,,,,,,,,,,,,,
2025-11-28,2025-11,13,13,-0.07692307692307693,,,0.06593406593406594,,,-0.2087912087912088,,,0.08241758241758242,,,-0.6153846153846154,,,-0.2032967032967033,,,-0.25274725274725274,,,0.34615384615384615,,,,,,,,,,,,,,,,,,
2025-12-01,2025-12,18,18,-0.16821465428276575,,,0.005159958720330237,,,-0.12074303405572756,,,-0.07533539731682147,,,0.11455108359133127,,,0.0010319917440660474,,,0.06501547987616099,,,-0.18059855521155832,,,,,,,,,,,,,,,,,,
2025-12-02,2025-12,13,13,-0.36813186813186816,,,0.15934065934065933,,,-0.38461538461538464,,,-0.6428571428571429,,,-0.01098901098901099,,,-0.04395604395604396,,,0.07692307692307693,,,0.027472527472527472,,,,,,,,,,,,,,,,,,
2025-12-03,2025-12,12,12,-0.5314685314685315,,,-0.1048951048951049,,,-0.1048951048951049,,,-0.013986013986013986,,,-0.1888111888111888,,,-0.4405594405594406,,,-0.13286713286713286,,,-0.5314685314685315,,,,,,,,,,,,,,,,,,
2025-12-04,2025-12,17,17,-0.20833333333333334,,,0.2622549019607843,,,-0.06372549019607843,,,-0.5612745098039216,,,-0.09068627450980392,,,0.5,,,-0.08333333333333333,,,-0.21323529411764705,,,,,,,,,,,,,,,,,,
2025-12-05,2025-12,17,17,0.031862745098039214,,,0.06862745098039216,,,0.08823529411764706,,,-0.03676470588235294,,,0.09068627450980392,,,-0.03676470588235294,,,-0.08333333333333333,,,0.15931372549019607,,,,,,,,,,,,,,,,,,
2025-12-08,2025-12,25,25,-0.35923076923076924,-0.05048404166955983,0.09641918824547425,0.038461538461538464,0.01395602962190412,1.0946082174777985,-0.27736103609818435,-0.05565713846917991,0.13840103737764886,-0.6551259978851705,-0.07958270161800562,1.4940539002418518,-0.48846153846153845,-0.07603833562534273,0.12216310064303211,-0.1423076923076923,-0.057480027483585716,1.4856501668691635,-0.5038461538461538,-0.08380904312316034,0.05915505557625658,0.2630769230769231,-0.004280199547215147,0.27068878803402185,1.5,-0.054234041669559835,2.0,-0.06065713846917991,2.0,-0.08103833562534274,2.0,-0.08880904312316035,2.0,0.00895602962190412,2.0,-0.08458270161800563,1.5,-0.06123002748358572,2.0,-0.009280199547215148
2025-12-09,2025-12,10,10,0.030303030303030304,,,0.006060606060606061,,,-0.2606060606060606,,,-0.5515151515151515,,,-0.23636363636363636,,,0.6727272727272727,,,0.15151515151515152,,,-0.006060606060606061,,,,,,,,,,,,,,,,,,
2025-12-10,2025-12,20,20,-0.13533834586466165,0.008591338015155603,0.07129061238517102,-0.05112781954887218,0.031091290652171644,1.017104011029005,-0.5786307130880766,-0.14205933061520565,0.0970369594037011,-0.2641084269101624,-0.054339273289992385,0.9093249291181564,-0.20902255639097744,0.08942121661100488,0.06487270159236347,0.08270676691729323,0.040045553776763554,0.8807661831378937,-0.3699248120300752,-0.07832990863636557,0.04250947037167677,0.20451127819548873,0.016464921827836765,0.1643790267407894,1.0,0.006091338015155602,2.0,-0.14705933061520565,1.5,0.08567121661100488,1.5,-0.08207990863636558,2.0,0.026091290652171643,2.0,-0.05933927328999238,1.5,0.03629555377676355,1.5,0.012714921827836765
2025-12-11,2025-12,19,18,-0.1543859649122807,,,0.12456140350877193,,,0.02280701754385965,,,-0.04736842105263158,,,0.0017543859649122807,,,0.06842105263157895,,,-0.36140350877192984,,,-0.07017543859649122,,,,,,,,,,,,,,,,,,
2025-12-12,2025-12,16,15,-0.42058823529411765,,,0.38235294117647056,,,-0.48823529411764705,,,0.15588235294117647,,,0.12941176470588237,,,-0.1588235294117647,,,-0.27058823529411763,,,0.03823529411764706,,,,,,,,,,,,,,,,,,
2025-12-15,2025-12,11,11,-0.24545454545454545,,,0.20909090909090908,,,-0.045454545454545456,,,-0.5181818181818182,,,-0.07272727272727272,,,-0.4090909090909091,,,-0.08181818181818182,,,0.07272727272727272,,,,,,,,,,,,,,,,,,
2025-12-16,2025-12,17,17,-0.014705882352941176,,,-0.36519607843137253,,,-0.24509803921568626,,,-0.17401960784313725,,,-0.17892156862745098,,,-0.024509803921568627,,,-0.0392156862745098,,,-0.058823529411764705,,,,,,,,,,,,,,,,,,
2025-12-17,2025-12,16,16,0.06764705882352941,,,0.023529411764705882,,,-0.47941176470588237,,,-0.2529411764705882,,,-0.07058823529411765,,,0.5147058823529411,,,0.07941176470588235,,,-0.3205882352941177,,,,,,,,,,,,,,,,,,
2025-12-18,2025-12,14,14,-0.34505494505494505,,,-0.006593406593406593,,,0.3274725274725275,,,0.34945054945054943,,,-0.3758241758241758,,,-0.33186813186813185,,,-0.5032967032967033,,,-0.10329670329670329,,,,,,,,,,,,,,,,,,
2025-12-19,2025-12,17,17,0.049019607843137254,,,0.2622549019607843,,,0.5588235294117647,,,0.39950980392156865,,,-0.7254901960784313,,,-0.07107843137254902,,,-0.32107843137254904,,,0.2181372549019608,,,,,,,,,,,,,,,,,,
2025-12-22,2025-12,16,15,0.25882352941176473,,,0.18235294117647058,,,0.057395159026262875,,,-0.5636498950527867,,,0.5264705882352941,,,0.03529411764705882,,,0.25588235294117645,,,-0.15,,,,,,,,,,,,,,,,,,
2025-12-23,2025-12,15,15,0.039285714285714285,,,0.07857142857142857,,,0.025,,,0.29642857142857143,,,-0.08214285714285714,,,-0.4928571428571429,,,-0.26785714285714285,,,-0.225,,,,,,,,,,,,,,,,,,
2025-12-24,2025-12,16,16,-0.1588235294117647,,,-0.15588235294117647,,,0.10294117647058823,,,-0.14411764705882352,,,-0.01764705882352941,,,0.13823529411764707,,,-0.24411764705882352,,,-0.06764705882352941,,,,,,,,,,,,,,,,,,
2025-12-26,2025-12,13,13,-0.6978021978021978,,,0.21978021978021978,,,-0.3053648005738049,,,-0.09078412990032037,,,-0.3901098901098901,,,-0.06043956043956044,,,-0.24725274725274726,,,-0.2692307692307692,,,,,,,,,,,,,,,,,,
2025-12-29,2025-12,13,13,0.27472527472527475,,,-0.3076923076923077,,,0.24175824175824176,,,0.22527472527472528,,,0.532967032967033,,,-0.04945054945054945,,,0.4175824175824176,,,0.19230769230769232,,,,,,,,,,,,,,,,,,
2025-12-30,2025-12,15,14,0.22857142857142856,,,0.2357142857142857,,,-0.21071428571428572,,,0.07857142857142857,,,-0.125,,,0.28214285714285714,,,0.017857142857142856,,,0.05714285714285714,,,,,,,,,,,,,,,,,,
2025-12-31,2025-12,13,12,0.9175824175824175,,,-0.19230769230769232,,,0.5714285714285714,,,0.2967032967032967,,,0.3791208791208791,,,-0.6923076923076923,,,0.7912087912087912,,,-0.6208791208791209,,,,,,,,,,,,,,,,,,
2026-01-02,2026-01,16,16,0.19411764705882353,,,0.2647058823529412,,,0.04709346381642082,,,-0.12362034251810465,,,0.047058823529411764,,,-0.3411764705882353,,,0.12941176470588237,,,-0.05588235294117647,,,,,,,,,,,,,,,,,,
2026-01-05,2026-01,12,11,-0.13986013986013987,,,0.40559440559440557,,,0.16783216783216784,,,0.1258741258741259,,,-0.3776223776223776,,,-0.3146853146853147,,,0.14685314685314685,,,0.11188811188811189,,,,,,,,,,,,,,,,,,
2026-01-06,2026-01,18,18,-0.32920536635706915,,,0.06501547987616099,,,-0.24987096773334005,,,-0.5286526259482236,,,-0.0030959752321981426,,,0.09391124871001032,,,-0.19504643962848298,,,-0.3065015479876161,,,,,,,,,,,,,,,,,,
2026-01-07,2026-01,23,23,-0.26877470355731226,0.028930963758924455,0.07003805523049833,-0.06719367588932806,-0.024277812513382735,0.7155499532818794,0.2817597971523005,-0.003294284554996807,0.06608315514352261,-0.19278301910420562,0.005779227355273087,1.6548986434936523,-0.037549407114624504,0.06159088146026109,0.06459420542398059,0.6551383399209486,0.18009462060327608,0.9284593313932419,-0.09486166007905138,-0.014391123026010366,0.045229290879350376,0.22332015810276679,0.15075177137056717,0.18534995801746845,2.0,0.023930963758924454,2.0,-0.008294284554996808,2.0,0.056590881460261096,2.0,-0.019391123026010367,1.5,-0.028027812513382735,2.0,0.0007792273552730865,2.0,0.17509462060327607,2.0,0.14575177137056716
2026-01-08,2026-01,17,17,0.12009803921568628,,,0.2916666666666667,,,-0.08823529411764706,,,-0.3700980392156863,,,0.1568627450980392,,,0.16666666666666666,,,0.0784313725490196,,,0.16176470588235295,,,,,,,,,,,,,,,,,,
2026-01-09,2026-01,11,11,-0.6818181818181818,,,0.08181818181818182,,,0.4818181818181818,,,-0.4,,,-0.4818181818181818,,,0.4727272727272727,,,0.12727272727272726,,,-0.02727272727272727,,,,,,,,,,,,,,,,,,
2026-01-12,2026-01,22,22,-0.15866741953698477,-0.06159418263659111,0.07959746054651048,0.09994353472614342,0.0480259015396019,1.0273230373859406,0.1683140422949609,0.06812161960541402,0.11492064277024272,0.016944366673989353,-0.07058910758732911,1.56857568025589,-0.11462450592885376,0.008621311717566638,0.07834558963158522,-0.003952569169960474,-0.03212107889863908,1.0710512846708298,-0.36984754376058726,-0.19115826637486438,0.05218406069497689,-0.15866741953698477,-0.024475027083713574,0.2734593562781811,1.0,-0.06409418263659111,2.0,0.06312161960541401,1.0,0.006121311717566637,2.0,-0.1961582663748644,1.5,0.0442759015396019,1.5,-0.07433910758732912,2.0,-0.037121078898639075,1.5,-0.028225027083713574
2026-01-13,2026-01,12,12,-0.36363636363636365,,,-0.5034965034965035,,,0.7075317330217297,,,0.11908949961751886,,,0.11188811188811189,,,0.16083916083916083,,,0.06293706293706294,,,0.055944055944055944,,,,,,,,,,,,,,,,,,
2026-01-14,2026-01,17,16,-0.3014705882352941,,,-0.06372549019607843,,,-0.25,,,-0.1323529411764706,,,0.11764705882352941,,,-0.3872549019607843,,,-0.12254901960784313,,,0.40931372549019607,,,,,,,,,,,,,,,,,,
2026-01-15,2026-01,19,18,-0.0912280701754386,,,-0.19649122807017544,,,0.07368421052631578,,,-0.22105263157894736,,,-0.18771929824561404,,,-0.08070175438596491,,,0.13859649122807016,,,-0.45789473684210524,,,,,,,,,,,,,,,,,,
2026-01-20,2026-01,19,19,-0.20701754385964913,,,-0.3473684210526316,,,-0.41652085415040074,,,-0.411584067704815,,,-0.18070175438596492,,,-0.24035087719298245,,,-0.02982456140350877,,,-0.01929824561403509,,,,,,,,,,,,,,,,,,
2026-01-21,2026-01,18,17,-0.23632610939112486,,,-0.3065015479876161,,,-0.054695562435500514,,,0.09391124871001032,,,-0.04231166150670795,,,0.013415892672858616,,,-0.1475748194014448,,,-0.03611971104231166,,,,,,,,,,,,,,,,,,
2026-01-22,2026-01,19,18,0.01929824561403509,,,-0.47192982456140353,,,0.17543859649122806,,,0.3157894736842105,,,-0.1543859649122807,,,-0.2649122807017544,,,0.0456140350877193,,,0.19649122807017544,,,,,,,,,,,,,,,,,,
2026-01-23,2026-01,16,15,0.18529411764705883,,,0.13529411764705881,,,0.2852941176470588,,,-0.09411764705882353,,,-0.18529411764705883,,,0.3,,,-0.07058823529411765,,,-0.09705882352941177,,,,,,,,,,,,,,,,,,
2026-01-26,2026-01,18,18,0.3106295149638803,,,0.19504643962848298,,,0.13106295149638802,,,0.12074303405572756,,,-0.08152734778121776,,,0.35190918472652216,,,0.2837977296181631,,,0.1393188854489164,,,,,,,,,,,,,,,,,,
2026-01-27,2026-01,17,17,-0.13480392156862744,,,-0.6151960784313726,,,0.21323529411764705,,,0.10049019607843138,,,-0.00980392156862745,,,0.37254901960784315,,,-0.19607843137254902,,,0.31862745098039214,,,,,,,,,,,,,,,,,,
2026-01-28,2026-01,16,15,-0.18823529411764706,,,-0.10588235294117647,,,0.6004416636593655,,,0.31788088076084053,,,0.014705882352941176,,,-0.09705882352941177,,,-0.11764705882352941,,,0.22647058823529412,,,,,,,,,,,,,,,,,,
2026-01-29,2026-01,20,19,-0.02406015037593985,,,-0.055639097744360905,,,-0.061677326663348235,,,-0.11132005300214072,,,0.08421052631578947,,,0.10827067669172932,,,0.09924812030075188,,,-0.42857142857142855,,,,,,,,,,,,,,,,,,
2026-01-30,2026-01,15,15,0.12857142857142856,,,-0.09642857142857143,,,-0.05714285714285714,,,-0.26785714285714285,,,-0.21785714285714286,,,0.23214285714285715,,,0.21785714285714286,,,-0.14285714285714285,,,,,,,,,,,,,,,,,,
2026-02-02,2026-02,16,16,-0.38529411764705884,,,0.10294117647058823,,,-0.0058823529411764705,,,0.25882352941176473,,,-0.43823529411764706,,,-0.47352941176470587,,,-0.34411764705882353,,,0.08235294117647059,,,,,,,,,,,,,,,,,,
2026-02-03,2026-02,13,12,0.5494505494505495,,,0.34065934065934067,,,-0.3516483516483517,,,0.02197802197802198,,,0.4175824175824176,,,0.3626373626373626,,,0.21428571428571427,,,-0.054945054945054944,,,,,,,,,,,,,,,,,,
2026-02-04,2026-02,22,22,0.08413325804630152,-0.05276728424593918,0.06553202707863945,-0.21174477696216826,-0.03744002594423135,1.4166021198034286,-0.1005365755990035,-0.15394296685674308,0.11570413908876942,-0.3626094468233722,-0.10746680710284723,1.066093921661377,-0.07961603613777526,-0.03961236360364717,0.052240395785176655,-0.32241671372106157,-0.12948819239754367,0.8600748106837273,0.22077922077922077,0.022141989662069816,0.06137885161725215,0.21739130434782608,0.02589580716348977,0.20203259121626616,2.0,-0.05776728424593918,2.0,-0.15894296685674308,2.0,-0.04461236360364717,2.0,0.017141989662069815,2.0,-0.042440025944231345,1.5,-0.11121680710284723,2.0,-0.13448819239754367,2.0,0.02089580716348977
2026-02-05,2026-02,23,23,-0.5464426877470355,-0.11929462715697153,0.05860046792623866,-0.0533596837944664,0.01645901820706619,0.7660057842731476,0.4368668282614672,0.09142241215148511,0.0752381338856711,-0.023721275742704103,-0.02880395596488783,1.3212624341249466,-0.19466403162055335,0.017360231892043165,0.08726586814025108,0.36462450592885376,-0.015407617335825463,0.7419328615069389,-0.37648221343873517,-0.11142979857570623,0.0641809378762719,0.6156126482213439,0.1282621025628214,0.24686839804053307,2.0,-0.12429462715697154,2.0,0.0864224121514851,2.0,0.012360231892043164,1.5,-0.11517979857570623,1.5,0.01270901820706619,2.0,-0.033803955964887826,2.0,-0.020407617335825464,1.0,0.1257621025628214
2026-02-06,2026-02,16,16,-0.061764705882352944,,,0.36176470588235293,,,0.31176470588235294,,,0.31470588235294117,,,-0.10588235294117647,,,0.1676470588235294,,,-0.2676470588235294,,,0.5852941176470589,,,,,,,,,,,,,,,,,,
2026-02-09,2026-02,19,19,-0.2807017543859649,,,0.08070175438596491,,,0.12110575979374087,,,0.5528741207975126,,,-0.22105263157894736,,,0.1,,,-0.44912280701754387,,,0.35964912280701755,,,,,,,,,,,,,,,,,,
2026-02-10,2026-02,16,16,0.06764705882352941,,,0.0,,,0.2695142834524799,,,0.3431520658165455,,,-0.3,,,-0.4852941176470588,,,0.13823529411764707,,,0.12941176470588237,,,,,,,,,,,,,,,,,,
2026-02-11,2026-02,26,25,0.36547008547008547,0.047752687002256544,0.05107308413615681,0.3018803418803419,0.04970413969989823,0.7584382966160774,0.03658119658119658,-0.09442840903221422,0.06291605538107478,-0.05846153846153846,0.04839851239080578,1.834167331457138,0.3264957264957265,0.1203604943400352,0.05016751709578656,0.12547008547008548,-0.03548166320343665,1.007418803870678,0.18632478632478633,0.07821145394301138,0.03919157003253295,-0.1582905982905983,0.0073470895051683804,0.30136455968022346,2.0,0.04275268700225655,2.0,-0.09942840903221423,2.0,0.1153604943400352,1.5,0.07446145394301137,1.5,0.04595413969989823,1.5,0.04464851239080578,2.0,-0.04048166320343665,1.0,0.00484708950516838
2026-02-12,2026-02,28,26,0.13081554460864805,-0.03738117629498342,0.0547182946307159,-0.0421455938697318,-0.03315656995778286,1.7449677785237632,-0.08047078219603357,-0.02110707500251241,0.07764795060596077,-0.041603941815636404,-0.02818150965903369,0.6630717317263286,0.09688013136288999,0.03163109015576079,0.0632131439589673,-0.011494252873563218,0.043486490294614565,1.3064173360665639,-0.4535377078191416,-0.045184334742907874,0.034991377198750895,0.02079912424740011,0.0020122101668678463,0.31167718519767124,1.6666666666666665,-0.04154784296165009,2.0,-0.02610707500251241,2.0,0.026631090155760786,1.6666666666666665,-0.04935100140957454,1.6666666666666665,-0.03732323662444952,1.6666666666666665,-0.032348176325700355,1.6666666666666665,0.0393198236279479,2.0,-0.002987789833132154
2026-02-13,2026-02,17,17,-0.5906862745098039,,,0.1642156862745098,,,0.4338235294117647,,,0.39950980392156865,,,-0.06862745098039216,,,0.48284313725490197,,,-0.2549019607843137,,,0.14460784313725492,,,,,,,,,,,,,,,,,,
2026-02-17,2026-02,24,23,0.28695652173913044,0.10975058619744399,0.03947159879676011,0.029565217391304348,-0.014698973510329838,1.0386683493852615,0.09739130434782609,-0.04326184203975908,0.07595519193152193,0.14,-0.03258623132329108,1.4765408039093018,-0.11739130434782609,-0.0017361954645483402,0.047107850679292414,-0.35043478260869565,-0.05182703930501553,0.9418140053749084,0.1973913043478261,0.11417969776796905,0.04570338557627769,0.2008695652173913,0.06078804220520251,0.3044428341090679,2.0,0.10475058619744398,2.0,-0.04826184203975908,1.6666666666666665,-0.005902862131215007,1.6666666666666665,0.11001303110130238,2.0,-0.01969897351032984,2.0,-0.03758623132329108,1.6666666666666665,-0.0559937059716822,1.3333333333333333,0.057454708871869174
2026-02-18,2026-02,16,15,0.1323529411764706,,,0.1264705882352941,,,0.27520242917720916,,,0.05445181753773658,,,-0.21764705882352942,,,-0.38529411764705884,,,0.09411764705882353,,,-0.03529411764705882,,,,,,,,,,,,,,,,,,
2026-02-19,2026-02,21,21,0.06103896103896104,-0.1389577505607088,0.06590247924335027,0.21688311688311687,0.2337002338396118,0.8950492888689041,-0.5402597402597402,-0.21232115922746264,0.11544679596706552,-0.08701298701298701,0.08230785395323026,0.7179045230150223,-0.2974025974025974,-0.28667235669628727,0.04386049716042696,0.23506493506493506,-0.15908129362234646,0.7348523568361998,-0.033766233766233764,-0.16620789611213216,0.05284008185998016,0.39090909090909093,-0.02226517486496815,0.2524508126080036,2.0,-0.1439577505607088,2.0,-0.21732115922746265,2.0,-0.29167235669628727,2.0,-0.17120789611213216,1.5,0.2299502338396118,2.0,0.07730785395323025,2.0,-0.16408129362234647,1.0,-0.02476517486496815
2026-02-20,2026-02,15,15,0.1392857142857143,,,-0.039285714285714285,,,0.06785714285714285,,,0.4607142857142857,,,-0.05357142857142857,,,0.36428571428571427,,,-0.4357142857142857,,,0.5321428571428571,,,,,,,,,,,,,,,,,,
2026-02-23,2026-02,19,19,0.014035087719298246,,,0.17017543859649123,,,-0.17894736842105263,,,0.33157894736842103,,,-0.08947368421052632,,,0.3894736842105263,,,-0.3701754385964912,,,0.3526315789473684,,,,,,,,,,,,,,,,,,
2026-02-24,2026-02,22,22,0.4330886504799548,0.14380889464092667,0.055331275813312555,-0.2885375494071146,-0.10587622473510472,0.9739657491445541,0.1383399209486166,0.11242008097259582,0.06531166988219644,0.14963297571993225,0.08199577503920108,1.6798988580703735,0.32241671372106157,0.21492360749786954,0.05383654588119294,0.06945228684359118,-0.035287132501814755,1.336804375052452,0.1507622811970638,0.1476120198875599,0.06094891398509847,0.10220214568040654,0.026651996583073656,0.2898557521402836,2.0,0.13880889464092666,2.0,0.10742008097259581,2.0,0.20992360749786954,1.5,0.1438620198875599,2.0,-0.11087622473510472,1.5,0.07824577503920108,2.0,-0.04028713250181475,1.5,0.022901996583073656
2026-02-25,2026-02,23,22,0.0800395256916996,0.1633929671266352,0.07867613705998897,-0.1492094861660079,-0.04468041527058153,0.962369367480278,-0.13155298225602177,0.020411096369702342,0.08938690217368983,-0.05539072937095653,-0.16621119375764837,1.7849153727293015,-0.046442687747035576,0.2778918587725563,0.05303215583101032,0.22826086956521738,0.12078086991694126,0.8941109329462051,0.30237154150197626,0.1241138633683671,0.04465500084219345,-0.11166007905138339,-0.020887490420353705,0.30019624531269073,2.0,0.1583929671266352,2.0,0.01541109636970234,1.5,0.2741418587725563,2.0,0.1191138633683671,1.5,-0.048430415270581534,2.0,-0.17121119375764837,2.0,0.11578086991694125,1.0,-0.023387490420353704
2026-02-26,2026-02,30,29,0.214238042269188,0.04578848947609873,0.0747256442812691,0.14527252502780869,0.221387039811974,0.9279852906862894,0.002014814598405402,0.11350917154597943,0.07608734825766023,-0.43676703127654876,-0.1847995947743427,1.29575111468633,-0.08031145717463849,0.013180206210748627,0.05482706953117505,0.2088987764182425,0.10416694823225706,0.6810995886723201,0.030478309232480533,0.0504093721064323,0.053146325957631343,0.05583982202447164,0.29579118517818903,0.32630925128857297,1.3333333333333333,0.0424551561427654,1.6666666666666665,0.10934250487931277,1.6666666666666665,0.009013539544081961,1.3333333333333333,0.04707603877309897,1.6666666666666665,0.21722037314530732,1.6666666666666665,-0.1889662614410094,2.0,0.09916694823225705,1.6666666666666665,0.2916245185115224
2026-02-27,2026-02,26,25,0.12341880341880342,0.07632444714370612,0.058605375718198835,-0.10905982905982906,-0.16829756865618434,0.8832137584686279,-0.14051282051282052,0.019817121115437653,0.12089513170988009,-0.0817094017094017,0.00892975053851619,2.477275997400284,0.29025641025641025,0.05828106201991268,0.05932201193010888,-0.16923076923076924,0.1882787573398218,0.9471205323934555,0.15008547008547007,-0.07890528938029606,0.04338780640648646,-0.020854700854700856,0.2475281798262602,0.3415742963552475,1.3333333333333333,0.07299111381037279,1.6666666666666665,0.015650454448770987,2.0,0.05328106201991268,2.0,-0.08390528938029607,1.6666666666666665,-0.17246423532285102,2.0,0.00392975053851619,2.0,0.1832787573398218,1.3333333333333333,0.24419484649292686
2026-03-02,2026-03,16,15,0.11176470588235295,,,-0.2911764705882353,,,-0.611764705882353,,,-0.4764705882352941,,,-0.10294117647058823,,,-0.17352941176470588,,,-0.1411764705882353,,,-0.6852941176470588,,,,,,,,,,,,,,,,,,
2026-03-03,2026-03,21,20,0.027931147949253016,-0.0671545708502636,0.05912863006641786,-0.3429685143536184,0.03325485023871949,1.1614226549863815,0.2092267706302794,0.1844474731512915,0.08431329157581233,0.3319259674899602,0.1615302500031311,1.0704684555530548,-0.02533290162839227,0.047457347973014596,0.08427088027884927,0.30204613480006165,-0.004534799721965521,0.9078790694475174,0.04417018745463267,-0.0049464897173296385,0.0664588089225245,-0.7314063393222999,-0.16421842862715696,0.4314251244068146,2.0,-0.07215457085026361,2.0,0.1794474731512915,1.5,0.04370734797301459,2.0,-0.00994648971732964,1.5,0.02950485023871949,1.5,0.1577802500031311,2.0,-0.009534799721965522,2.0,-0.16921842862715697
2026-03-04,2026-03,16,16,-0.2088235294117647,,,0.047058823529411764,,,-0.12941176470588237,,,-0.12058823529411765,,,-0.3558823529411765,,,-0.052941176470588235,,,-0.21470588235294116,,,-0.08823529411764706,,,,,,,,,,,,,,,,,,
2026-03-05,2026-03,17,17,-0.014705882352941176,,,0.3382352941176471,,,-0.061274509803921566,,,0.15441176470588236,,,-0.5245098039215687,,,-0.3284313725490196,,,-0.25,,,0.3112745098039216,,,,,,,,,,,,,,,,,,
2026-03-06,2026-03,13,13,0.4725274725274725,,,0.4230769230769231,,,0.005494505494505495,,,0.45604395604395603,,,-0.038461538461538464,,,-0.016483516483516484,,,0.35714285714285715,,,0.0989010989010989,,,,,,,,,,,,,,,,,,
2026-03-09,2026-03,20,19,0.10676691729323308,,,0.14887218045112782,,,0.15037593984962405,,,0.1699248120300752,,,0.15338345864661654,,,0.02406015037593985,,,0.29473684210526313,,,-0.021052631578947368,,,,,,,,,,,,,,,,,,
2026-03-10,2026-03,17,17,-0.23774509803921567,,,-0.2107843137254902,,,0.0392156862745098,,,-0.24019607843137256,,,0.15441176470588236,,,-0.2034313725490196,,,0.49019607843137253,,,0.25245098039215685,,,,,,,,,,,,,,,,,,
2026-03-12,2026-03,17,17,0.1323529411764706,,,-0.19852941176470587,,,-0.1425065726529823,,,-0.16216265163960053,,,0.031862745098039214,,,0.19362745098039216,,,-0.00980392156862745,,,0.18627450980392157,,,,,,,,,,,,,,,,,,
2026-03-13,2026-03,12,12,-0.5524475524475524,,,-0.35664335664335667,,,-0.15411582303443616,,,-0.11908949961751886,,,-0.26573426573426573,,,-0.23776223776223776,,,-0.07692307692307693,,,-0.16783216783216784,,,,,,,,,,,,,,,,,,
2026-03-16,2026-03,14,13,-0.15164835164835164,,,-0.46373626373626375,,,0.3256327603036127,,,-0.42857142857142855,,,0.02857142857142857,,,-0.07692307692307693,,,0.23076923076923078,,,0.03736263736263736,,,,,,,,,,,,,,,,,,
2026-03-17,2026-03,12,12,0.0979020979020979,,,0.4405594405594406,,,-0.36363636363636365,,,0.027972027972027972,,,-0.1048951048951049,,,-0.06293706293706294,,,0.013986013986013986,,,0.6573426573426573,,,,,,,,,,,,,,,,,,
2026-03-18,2026-03,13,13,0.45054945054945056,,,-0.33516483516483514,,,0.15384615384615385,,,0.1813186813186813,,,0.07142857142857142,,,-0.41208791208791207,,,0.08241758241758242,,,-0.24175824175824176,,,,,,,,,,,,,,,,,,
2026-03-19,2026-03,18,15,0.02786377708978328,,,0.0629514963880289,,,-0.27347781217750256,,,0.11042311661506708,,,0.017543859649122806,,,0.26522187822497423,,,-0.05056759545923633,,,0.23632610939112486,,,,,,,,,,,,,,,,,,
2026-03-23,2026-03,17,17,0.35784313725490197,,,0.6519607843137255,,,0.1715686274509804,,,0.28431372549019607,,,-0.25980392156862747,,,-0.00980392156862745,,,-0.7173514530420377,,,0.20098039215686275,,,,,,,,,,,,,,,,,,
2026-03-24,2026-03,15,14,0.48928571428571427,,,0.4035714285714286,,,0.2357142857142857,,,-0.45,,,-0.2857142857142857,,,-0.02857142857142857,,,-0.7453086086009536,,,-0.44642857142857145,,,,,,,,,,,,,,,,,,
2026-03-25,2026-03,14,13,0.5208791208791209,,,0.3010989010989011,,,0.4065934065934066,,,0.12087912087912088,,,0.6615384615384615,,,0.5296703296703297,,,0.24395604395604395,,,0.12087912087912088,,,,,,,,,,,,,,,,,,
2026-03-26,2026-03,15,14,0.21071428571428572,,,-0.025,,,0.10714285714285714,,,0.44285714285714284,,,-0.45,,,-0.42142857142857143,,,-0.039285714285714285,,,-0.25,,,,,,,,,,,,,,,,,,
2026-03-27,2026-03,15,14,0.7821428571428571,,,0.5464285714285714,,,0.0035714285714285713,,,0.2,,,0.4392857142857143,,,-0.29285714285714287,,,0.039285714285714285,,,-0.06785714285714285,,,,,,,,,,,,,,,,,,
2026-03-30,2026-03,16,15,0.05588235294117647,,,-0.029411764705882353,,,-0.21764705882352942,,,0.08823529411764706,,,0.5323529411764706,,,-0.0058823529411764705,,,0.20294117647058824,,,0.24705882352941178,,,,,,,,,,,,,,,,,,
2026-03-31,2026-03,16,15,-0.026470588235294117,,,0.22941176470588234,,,-0.10294117647058823,,,-0.4088235294117647,,,0.15294117647058825,,,-0.13823529411764707,,,-0.4470588235294118,,,-0.17941176470588235,,,,,,,,,,,,,,,,,,
2026-04-01,2026-04,13,12,-0.3241758241758242,,,-0.33516483516483514,,,-0.17032967032967034,,,-0.21428571428571427,,,-0.3241758241758242,,,-0.29120879120879123,,,0.15934065934065933,,,-0.6263736263736264,,,,,,,,,,,,,,,,,,
2026-04-02,2026-04,11,10,0.14545454545454545,,,-0.24545454545454545,,,-0.19090909090909092,,,0.6181818181818182,,,0.23636363636363636,,,0.7272727272727273,,,0.2,,,-0.4818181818181818,,,,,,,,,,,,,,,,,,
2026-04-06,2026-04,14,14,-0.21318681318681318,,,-0.2703296703296703,,,0.2967032967032967,,,0.6791208791208792,,,-0.024175824175824177,,,0.1824175824175824,,,0.35384615384615387,,,0.14725274725274726,,,,,,,,,,,,,,,,,,
2026-04-07,2026-04,10,10,-0.3696969696969697,,,-0.05454545454545454,,,0.4909090909090909,,,-0.15151515151515152,,,0.22424242424242424,,,-0.01818181818181818,,,0.09090909090909091,,,0.41818181818181815,,,,,,,,,,,,,,,,,,
2026-04-09,2026-04,14,14,-0.35384615384615387,,,0.054945054945054944,,,-0.09030858911656217,,,-0.5132171040038777,,,-0.2087912087912088,,,0.25274725274725274,,,0.44175824175824174,,,0.17362637362637362,,,,,,,,,,,,,,,,,,
2026-04-10,2026-04,13,12,0.6813186813186813,,,0.35714285714285715,,,-0.16231102012481521,,,-0.024759308154632828,,,0.1813186813186813,,,0.35714285714285715,,,0.1978021978021978,,,-0.29120879120879123,,,,,,,,,,,,,,,,,,
2026-04-13,2026-04,14,13,0.2835164835164835,,,-0.22197802197802197,,,0.23956043956043957,,,0.3802197802197802,,,-0.046153846153846156,,,0.367032967032967,,,-0.42417582417582417,,,-0.23076923076923078,,,,,,,,,,,,,,,,,,
2026-04-14,2026-04,18,17,-0.19298245614035087,,,0.4551083591331269,,,-0.2623968342309825,,,-0.4256200618234834,,,0.05263157894736842,,,0.13106295149638802,,,0.04643962848297214,,,0.07533539731682147,,,,,,,,,,,,,,,,,,
2026-04-15,2026-04,14,14,-0.3978021978021978,,,-0.24395604395604395,,,0.42857142857142855,,,0.4725274725274725,,,0.11208791208791209,,,-0.4593406593406593,,,-0.3098901098901099,,,0.08571428571428572,,,,,,,,,,,,,,,,,,
2026-04-16,2026-04,14,14,-0.15164835164835164,,,0.08131868131868132,,,0.006593406593406593,,,-0.14725274725274726,,,0.45054945054945056,,,0.11208791208791209,,,0.3758241758241758,,,0.1912087912087912,,,,,,,,,,,,,,,,,,
2026-04-17,2026-04,15,13,-0.2,,,-0.2571428571428571,,,0.10714285714285714,,,0.3107142857142857,,,0.4392857142857143,,,0.22142857142857142,,,0.175,,,-0.08928571428571429,,,,,,,,,,,,,,,,,,
2026-04-20,2026-04,17,17,-0.20833333333333334,,,-0.07107843137254902,,,-0.07107843137254902,,,-0.11274509803921569,,,0.19362745098039216,,,-0.15441176470588236,,,0.22058823529411764,,,0.38235294117647056,,,,,,,,,,,,,,,,,,
2026-04-21,2026-04,18,18,-0.12074303405572756,,,0.25696594427244585,,,0.31475748194014447,,,0.12487100103199174,,,-0.023735810113519093,,,-0.005159958720330237,,,0.21155830753353974,,,0.20743034055727555,,,,,,,,,,,,,,,,,,
2026-04-22,2026-04,22,22,-0.3269339356295878,-0.13576310709689254,0.1025913919163503,0.2365894974590627,-0.016887694421938437,0.9163194596767426,0.18464144551101072,0.015746240447835902,0.05019896769800937,0.277244494635799,-0.02193065981854536,1.4926914423704147,-0.08526256352343309,0.0750126087859958,0.09686682732785581,0.45115753811405984,0.03119325146908397,1.0120075233280659,-0.18464144551101072,-0.06043407188447669,0.07969388113541603,0.21626199887069453,-0.006803810221061024,0.38724571466445923,2.0,-0.14076310709689255,2.0,0.010746240447835901,2.0,0.0700126087859958,2.0,-0.0654340718844767,2.0,-0.021887694421938438,2.0,-0.026930659818545363,2.0,0.02619325146908397,2.0,-0.011803810221061025
2026-04-23,2026-04,14,13,0.21318681318681318,,,0.16483516483516483,,,-0.17362637362637362,,,-0.23956043956043957,,,0.23076923076923078,,,-0.16483516483516483,,,-0.01978021978021978,,,-0.3978021978021978,,,,,,,,,,,,,,,,,,
2026-04-24,2026-04,13,13,-0.11538461538461539,,,0.3516483516483517,,,-0.23076923076923078,,,-0.2032967032967033,,,0.6868131868131868,,,0.521978021978022,,,0.489010989010989,,,-0.16483516483516483,,,,,,,,,,,,,,,,,,
2026-04-27,2026-04,12,12,-0.43356643356643354,,,0.2727272727272727,,,-0.006993006993006993,,,0.34265734265734266,,,-0.26573426573426573,,,-0.5594405594405595,,,0.34265734265734266,,,-0.013986013986013986,,,,,,,,,,,,,,,,,,
2026-04-28,2026-04,12,12,-0.21678321678321677,,,-0.14685314685314685,,,0.17402730811488895,,,-0.007251137838120374,,,0.1888111888111888,,,0.0,,,0.3006993006993007,,,0.6503496503496503,,,,,,,,,,,,,,,,,,
2026-04-29,2026-04,21,21,-0.24155844155844156,-0.08023232494149207,0.11813805649207446,-0.05974025974025974,-0.019664170035331607,0.6551437377929688,0.36752252445516437,0.0002126825665939025,0.06353487519869679,-0.2059714602177749,0.14340678862420075,1.278744651004672,-0.2025974025974026,-0.01814534917956373,0.0970243297180837,-0.32987012987012987,-0.1335526815107012,1.6036433428525925,0.11168831168831168,-0.03729033595122627,0.09157489849075257,0.38831168831168833,0.157716252794118,0.484308198094368,2.0,-0.08523232494149208,2.0,-0.004787317433406098,2.0,-0.02314534917956373,2.0,-0.04229033595122627,2.0,-0.02466417003533161,2.0,0.13840678862420075,1.5,-0.1373026815107012,2.0,0.152716252794118
2026-04-30,2026-04,19,19,0.008771929824561403,,,0.010526315789473684,,,0.1348892471051072,,,0.08635831626493302,,,-0.1631578947368421,,,0.05789473684210526,,,-0.21403508771929824,,,-0.34912280701754383,,,,,,,,,,,,,,,,,,
2026-05-01,2026-05,17,17,-0.13725490196078433,,,-0.15931372549019607,,,0.2084611060122161,,,0.08093195880474273,,,-0.36764705882352944,,,-0.125,,,-0.27941176470588236,,,0.23529411764705882,,,,,,,,,,,,,,,,,,
2026-05-04,2026-05,23,23,-0.17094861660079053,-0.12318493646252937,0.07956700459952738,-0.10276679841897234,-0.007751692363802631,1.0751121193170547,0.03289434854860548,-0.04103482772755129,0.05378773920641765,-0.18440771156036403,-0.14941648516647343,1.0842560231685638,-0.25395256916996045,-0.17104638369692687,0.053418181424363054,-0.02766798418972332,-0.10957325478695279,1.2562219947576523,-0.41007905138339923,-0.18860938478599387,0.050709755791704676,-0.4841897233201581,-0.1496792598247758,0.4498749226331711,1.5,-0.12693493646252937,2.0,-0.04603482772755129,2.0,-0.17604638369692688,2.0,-0.19360938478599388,1.0,-0.010251692363802632,1.5,-0.15316648516647344,2.0,-0.1145732547869528,1.5,-0.15342925982477582
2026-05-05,2026-05,28,28,0.09250136836343732,0.001865436042821781,0.09263119013574793,0.09250136836343732,0.012547412157073558,0.9072830677032471,0.1690368565086219,0.0246908222230164,0.07638399264584733,0.08711455744983586,0.0020858574618818357,1.3426748216152191,0.30596606458675424,0.0452389125368294,0.07622497243007918,0.14614121510673234,0.033349580905822254,1.8766185541947682,0.2019704433497537,0.04944553885388466,0.061974589291679025,0.0120415982484948,-0.01556294280872313,0.3695220276713371,1.0,-0.0006345639571782189,2.0,0.0196908222230164,2.0,0.0402389125368294,2.0,0.044445538853884664,1.3333333333333333,0.009214078823740226,2.0,-0.0029141425381181644,2.0,0.028349580905822253,1.6666666666666665,-0.019729609475389796
2026-05-06,2026-05,24,23,-0.16782608695652174,-0.1489171023026049,0.06802478996471914,-0.01652173913043478,0.15238924461671538,0.9618102163076401,-0.17304347826086958,-0.03355581388580536,0.06666298642635726,-0.06608695652173913,0.011526121345900642,1.2898478657007217,0.013043478260869565,-0.02334763438764126,0.06064856652962282,0.21913043478260869,0.17640787105142064,1.2580126225948334,-0.09739130434782609,-0.1344937647679959,0.06447512935258591,0.03304347826086956,-0.052669229045296584,0.5767401829361916,1.6666666666666665,-0.1530837689692716,1.3333333333333333,-0.0368891472191387,2.0,-0.02834763438764126,1.3333333333333333,-0.13782709810132923,1.6666666666666665,0.1482225779500487,1.6666666666666665,0.007359454679233975,1.6666666666666665,0.17224120438475396,1.6666666666666665,-0.05683589571196325
2026-05-07,2026-05,22,21,0.028797289666854884,0.4641969645068818,0.08365677632960465,-0.30095990965556185,-0.08426134581082717,0.7802348658442497,0.11328290597255156,0.013149173678925707,0.08670686153057877,0.15859606836157217,-0.08855128163579112,1.7069647908210754,0.09316770186335403,0.49773539014343343,0.11032470985747864,0.09881422924901186,0.12236272930672215,0.7992039322853088,0.0942970073404856,0.40051447662855605,0.08368761718821013,-0.24110671936758893,-0.3544006024127621,0.3518274202942848,1.5,0.46044696450688183,1.5,0.009399173678925708,2.0,0.4927353901434334,2.0,0.39551447662855604,2.0,-0.08926134581082718,1.5,-0.09230128163579113,2.0,0.11736272930672215,2.0,-0.3594006024127621
2026-05-08,2026-05,19,17,0.3684210526315789,,,0.07017543859649122,,,0.18596491228070175,,,0.7368421052631579,,,0.07719298245614035,,,0.3473684210526316,,,0.23157894736842105,,,0.3894736842105263,,,,,,,,,,,,,,,,,,
2026-05-11,2026-05,26,24,0.18495726495726494,0.26695976435508,0.1134326060107658,0.1582905982905983,0.16992843414650483,0.9720420837402344,-0.18079008611998643,0.11242792039406158,0.07253357626600354,0.39691485700346163,0.4133880982594851,1.5289101153612137,0.041367521367521365,0.21203893554325332,0.12472750812474326,0.052307692307692305,0.2533011757764954,1.5380886048078537,0.174017094017094,0.12286523456074172,0.08443407239136298,0.3381196581196581,0.25889507160595343,0.8231475353240967,1.5,0.26320976435508003,2.0,0.10742792039406157,1.5,0.2082889355432533,1.5,0.11911523456074172,2.0,0.16492843414650482,2.0,0.4083880982594851,2.0,0.2483011757764954,2.0,0.2538950716059534
2026-05-12,2026-05,16,15,-0.06470588235294118,,,0.15294117647058825,,,-0.26342906322310394,,,0.02796174414099986,,,0.2088235294117647,,,-0.17941176470588235,,,-0.010301695209842055,,,0.15,,,,,,,,,,,,,,,,,,
2026-05-13,2026-05,20,19,0.09323308270676692,,,0.09022556390977443,,,-0.006015037593984963,,,-0.21052631578947367,,,0.11428571428571428,,,0.26766917293233083,,,0.24060150375939848,,,-0.21954887218045113,,,,,,,,,,,,,,,,,,
2026-05-14,2026-05,16,14,0.27647058823529413,,,-0.008823529411764706,,,-0.047058823529411764,,,0.17058823529411765,,,0.041176470588235294,,,-0.041176470588235294,,,-0.36176470588235293,,,-0.4147058823529412,,,,,,,,,,,,,,,,,,
2026-05-15,2026-05,17,15,0.061274509803921566,,,0.0857843137254902,,,-0.2660944706155935,,,0.033108528601940204,,,-0.10049019607843138,,,-0.061274509803921566,,,0.10784313725490197,,,-0.39215686274509803,,,,,,,,,,,,,,,,,,
2026-05-18,2026-05,13,12,-0.12637362637362637,,,-0.01098901098901099,,,-0.005502068478807295,,,0.29120879120879123,,,-0.10989010989010989,,,-0.33516483516483514,,,0.0,,,-0.4010989010989011,,,,,,,,,,,,,,,,,,
2026-05-19,2026-05,21,21,0.2792207792207792,0.07738374230124384,0.06428064106887592,0.4883116883116883,0.24310314636806774,0.9575214176438749,-0.08576999861306014,-0.08065029344836988,0.06278541219912645,-0.08706954404659135,0.021717001232776534,0.9508550316095352,-0.17922077922077922,0.03522551345053182,0.04252757256109939,-0.45584415584415583,-0.22980639779089462,0.876148896291852,-0.44935064935064933,0.012668368110697048,0.05363552264965177,-0.19090909090909092,-0.046336830034818866,0.2917450685054064,2.0,0.07238374230124384,2.0,-0.08565029344836989,2.0,0.03022551345053182,2.0,0.007668368110697048,2.0,0.23810314636806773,2.0,0.016717001232776533,2.0,-0.23480639779089463,2.0,-0.05133683003481886
2026-05-20,2026-05,14,13,-0.2835164835164835,,,0.05934065934065934,,,0.006593406593406593,,,-0.07692307692307693,,,-0.1912087912087912,,,-0.054945054945054944,,,-0.26153846153846155,,,-0.08131868131868132,,,,,,,,,,,,,,,,,,
2026-05-21,2026-05,15,15,0.6571428571428571,,,0.5107142857142857,,,-0.02142857142857143,,,0.007142857142857143,,,0.17857142857142858,,,0.08571428571428572,,,-0.34285714285714286,,,0.0035714285714285713,,,,,,,,,,,,,,,,,,
2026-05-22,2026-05,11,11,0.34545454545454546,,,0.7272727272727273,,,-0.33636363636363636,,,0.0,,,-0.5636363636363636,,,0.4090909090909091,,,0.6272727272727273,,,0.1,,,,,,,,,,,,,,,,,,
2026-05-26,2026-05,19,19,0.09473684210526316,,,0.36140350877192984,,,0.20710840080668727,,,0.16849497014781337,,,-0.1456140350877193,,,0.4789473684210526,,,-0.05789473684210526,,,0.12982456140350876,,,,,,,,,,,,,,,,,,
2026-05-27,2026-05,13,12,0.34065934065934067,,,0.6538461538461539,,,0.35714285714285715,,,-0.5494505494505495,,,-0.06593406593406594,,,0.21428571428571427,,,0.33516483516483514,,,-0.03296703296703297,,,,,,,,,,,,,,,,,,
2026-05-29,2026-05,10,10,0.3212121212121212,,,-0.05454545454545454,,,-0.11515151515151516,,,0.3696969696969697,,,0.10303030303030303,,,-0.3212121212121212,,,-0.18787878787878787,,,-0.3090909090909091,,,,,,,,,,,,,,,,,,
2026-06-02,2026-06,16,15,0.1588235294117647,,,-0.4176470588235294,,,-0.25588235294117645,,,-0.32941176470588235,,,-0.18823529411764706,,,-0.25588235294117645,,,-0.4588235294117647,,,0.03235294117647059,,,,,,,,,,,,,,,,,,
2026-06-03,2026-06,19,18,-0.3280701754385965,,,0.054385964912280704,,,-0.30586520738420947,,,0.2864731769448648,,,-0.11403508771929824,,,-0.2543859649122807,,,-0.49473684210526314,,,-0.17719298245614035,,,,,,,,,,,,,,,,,,
2026-06-04,2026-06,15,15,-0.45,,,-0.08928571428571429,,,0.33691972688434735,,,0.07885355310059193,,,-0.2892857142857143,,,-0.11428571428571428,,,-0.38571428571428573,,,0.08571428571428572,,,,,,,,,,,,,,,,,,
2026-06-05,2026-06,16,16,0.09705882352941177,,,-0.13823529411764707,,,0.0029433414885263014,,,0.1972038797312622,,,0.07941176470588235,,,0.47352941176470587,,,-0.1676470588235294,,,-0.3764705882352941,,,,,,,,,,,,,,,,,,
2026-06-08,2026-06,14,14,0.5208791208791209,,,-0.26593406593406593,,,-0.11441151037694501,,,0.43736263736263736,,,0.3230769230769231,,,-0.4901098901098901,,,0.5692307692307692,,,-0.0945054945054945,,,,,,,,,,,,,,,,,,
2026-06-09,2026-06,10,10,0.5757575757575758,,,0.28484848484848485,,,-0.3939393939393939,,,-0.04242424242424243,,,0.2606060606060606,,,-0.7454545454545455,,,0.6848484848484848,,,-0.16363636363636364,,,,,,,,,,,,,,,,,,
2026-06-10,2026-06,20,20,0.02556390977443609,-0.03860344684983147,0.07942693111814814,0.07819548872180451,0.052462794374803445,0.9962367117404938,0.1195938407252728,-0.025798151151845916,0.08465006030440808,-0.0218127130882573,-0.02976312334255249,2.0430625677108765,0.0030075187969924814,0.08144687524103195,0.06775832695350206,-0.4556390977443609,-0.1884838553504548,1.0875288844108582,0.1518796992481203,0.14864085086830053,0.05524456017093607,-0.03759398496240601,0.06323452106165656,0.6888006888329983,2.0,-0.043603446849831466,2.0,-0.030798151151845917,2.0,0.07644687524103194,2.0,0.14364085086830053,2.0,0.04746279437480345,2.0,-0.034763123342552486,2.0,-0.19348385535045481,2.0,0.05823452106165656
2026-06-11,2026-06,16,15,-0.14411764705882352,,,-0.020588235294117647,,,0.16629879410173604,,,-0.09565859837710479,,,-0.11764705882352941,,,-0.24411764705882352,,,0.1411764705882353,,,-0.19411764705882353,,,,,,,,,,,,,,,,,,
2026-06-12,2026-06,16,16,-0.09411764705882353,,,-0.061764705882352944,,,-0.38823529411764707,,,0.14411764705882352,,,-0.23823529411764705,,,-0.5029411764705882,,,-0.041176470588235294,,,-0.18823529411764706,,,,,,,,,,,,,,,,,,
2026-06-15,2026-06,19,18,0.26666666666666666,,,-0.3719298245614035,,,0.04035087719298246,,,-0.13157894736842105,,,0.06140350877192982,,,0.19473684210526315,,,0.2789473684210526,,,-0.17719298245614035,,,,,,,,,,,,,,,,,,
2026-06-16,2026-06,21,20,-0.3103896103896104,-0.0987190407927242,0.08719566466428261,-0.33636363636363636,-0.039773700729911265,0.5550761073827744,-0.07405002014453124,-0.07046112734292709,0.08876922010118983,-0.14939916344949286,-0.12225682297772944,1.231114536523819,0.5675324675324676,0.16269278549657273,0.07172830700385868,-0.04935064935064935,-0.007709930844098656,1.0555349737405777,-0.06883116883116883,-0.055690442601546764,0.06514810968289172,-0.13246753246753246,-0.062449527529938265,0.2936110161244869,2.0,-0.1037190407927242,2.0,-0.07546112734292709,2.0,0.15769278549657273,2.0,-0.06069044260154676,1.5,-0.04352370072991127,1.5,-0.12600682297772944,1.5,-0.011459930844098656,1.0,-0.06494952752993827
2026-06-18,2026-06,16,16,-0.2911764705882353,,,-0.36176470588235293,,,-0.3941176470588235,,,0.058823529411764705,,,-0.14411764705882352,,,0.10588235294117647,,,0.18823529411764706,,,-0.3088235294117647,,,,,,,,,,,,,,,,,,
2026-06-22,2026-06,22,22,0.028797289666854884,-0.11535334258678231,0.12623732541421906,0.10559006211180125,0.2823365716397114,2.3463937789201736,-0.1282486080386572,0.15689107988304118,0.12766327379534587,0.3689266125517319,0.3472534483237776,1.9573504030704498,-0.5810276679841897,-0.524446477359433,0.11074000210301335,0.09881422924901186,0.33147192594142305,1.5795263200998306,0.044607566346696784,0.33757659939629747,0.060702376874747804,-0.00282326369282891,-0.06499555129689194,1.2723458893597126,1.5,-0.11910334258678232,2.0,0.15189107988304118,2.0,-0.529446477359433,2.0,0.33257659939629747,2.0,0.27733657163971137,2.0,0.3422534483237776,1.5,0.3277219259414231,1.5,-0.06874555129689194
2026-06-23,2026-06,13,13,-0.33516483516483514,,,-0.1043956043956044,,,0.20357653371586992,,,-0.30811583481320853,,,-0.18681318681318682,,,-0.15934065934065933,,,0.14285714285714285,,,-0.6978021978021978,,,,,,,,,,,,,,,,,,
2026-06-24,2026-06,12,12,-0.6223776223776224,,,-0.23776223776223776,,,-0.21678321678321677,,,-0.3076923076923077,,,-0.04895104895104895,,,-0.23776223776223776,,,0.4965034965034965,,,-0.6433566433566433,,,,,,,,,,,,,,,,,,
2026-06-25,2026-06,12,12,0.13986013986013987,,,-0.16783216783216784,,,0.04895104895104895,,,-0.055944055944055944,,,-0.44755244755244755,,,0.08391608391608392,,,0.3986013986013986,,,-0.6153846153846154,,,,,,,,,,,,,,,,,,
2026-06-26,2026-06,11,11,-0.19090909090909092,,,0.39090909090909093,,,-0.08181818181818182,,,-0.10909090909090909,,,0.39090909090909093,,,-0.00909090909090909,,,0.6181818181818182,,,0.39090909090909093,,,,,,,,,,,,,,,,,,
2026-06-29,2026-06,16,16,-0.37941176470588234,,,0.29705882352941176,,,-0.21044891642963054,,,-0.15158208665910453,,,0.052941176470588235,,,0.1588235294117647,,,0.03823529411764706,,,0.06470588235294118,,,,,,,,,,,,,,,,,,
2026-06-30,2026-06,16,16,0.17058823529411765,,,-0.026470588235294117,,,-0.43068033989121574,,,-0.05014771080925115,,,-0.020588235294117647,,,0.26176470588235295,,,0.22647058823529412,,,-0.06764705882352941,,,,,,,,,,,,,,,,,,
2026-07-01,2026-07,18,18,0.17440660474716202,,,-0.08359133126934984,,,0.057821380963086956,,,0.5224574779878929,,,0.12487100103199174,,,0.22394220846233232,,,0.16408668730650156,,,0.44685242518059853,,,,,,,,,,,,,,,,,,
2026-07-02,2026-07,19,19,0.15263157894736842,,,0.01929824561403509,,,-0.15094341075741616,,,-0.047389210354072515,,,0.21052631578947367,,,0.22982456140350876,,,0.08947368421052632,,,0.17192982456140352,,,,,,,,,,,,,,,,,,
2026-07-06,2026-07,15,15,-0.15,,,-0.18214285714285713,,,-0.3392857142857143,,,0.46785714285714286,,,-0.20714285714285716,,,0.24285714285714285,,,0.06785714285714285,,,-0.06428571428571428,,,,,,,,,,,,,,,,,,
2026-07-07,2026-07,12,12,0.13286713286713286,,,0.46153846153846156,,,-0.017513161708458656,,,0.1716289847428948,,,0.20279720279720279,,,0.3986013986013986,,,0.15384615384615385,,,0.17482517482517482,,,,,,,,,,,,,,,,,,
2026-07-08,2026-07,14,14,-0.01978021978021978,,,-0.512087912087912,,,0.3362637362637363,,,-0.3098901098901099,,,0.2175824175824176,,,-0.02857142857142857,,,-0.34065934065934067,,,0.5912087912087912,,,,,,,,,,,,,,,,,,
2026-07-09,2026-07,11,11,-0.10909090909090909,,,-0.4818181818181818,,,0.2909090909090909,,,-0.18181818181818182,,,0.14545454545454545,,,-0.05454545454545454,,,-0.24545454545454545,,,-0.13636363636363635,,,,,,,,,,,,,,,,,,
2026-07-10,2026-07,13,13,0.19230769230769232,,,-0.016483516483516484,,,-0.04395604395604396,,,-0.23076923076923078,,,-0.6208791208791209,,,-0.01098901098901099,,,-0.5494505494505495,,,-0.7582417582417582,,,,,,,,,,,,,,,,,,
2026-07-13,2026-07,11,10,-0.5363636363636364,,,0.32727272727272727,,,-0.4,,,0.01818181818181818,,,0.6454545454545455,,,-0.22727272727272727,,,0.15454545454545454,,,-0.32727272727272727,,,,,,,,,,,,,,,,,,
2026-07-14,2026-07,13,12,-0.510989010989011,,,-0.5824175824175825,,,-0.054945054945054944,,,-0.005494505494505495,,,-0.4340659340659341,,,0.01098901098901099,,,-0.14835164835164835,,,-0.4010989010989011,,,,,,,,,,,,,,,,,,
2026-07-15,2026-07,14,13,-0.18681318681318682,,,0.5516483516483517,,,-0.4796482550418079,,,-0.23076923076923078,,,0.2835164835164835,,,-0.0989010989010989,,,0.15604395604395604,,,0.3802197802197802,,,,,,,,,,,,,,,,,,
2026-07-16,2026-07,13,13,0.04395604395604396,,,0.0,,,0.14855584892779697,,,0.27472527472527475,,,-0.21978021978021978,,,-0.3241758241758242,,,-0.17582417582417584,,,0.24725274725274726,,,,,,,,,,,,,,,,,,
2026-07-17,2026-07,16,16,0.6529411764705882,,,-0.08823529411764706,,,0.07352941176470588,,,-0.6676470588235294,,,-0.4441176470588235,,,-0.05588235294117647,,,0.37058823529411766,,,0.4294117647058823,,,,,,,,,,,,,,,,,,
2026-07-20,2026-07,13,13,0.04395604395604396,,,-0.3241758241758242,,,-0.21428571428571427,,,0.4175824175824176,,,0.08791208791208792,,,0.15934065934065933,,,0.2857142857142857,,,0.23626373626373626,,,,,,,,,,,,,,,,,,
2026-07-21,2026-07,17,16,-0.35294117647058826,,,-0.18137254901960784,,,0.2722256796159528,,,0.4291846300251508,,,0.056372549019607844,,,0.0857843137254902,,,-0.41421568627450983,,,0.2769607843137255,,,,,,,,,,,,,,,,,,
2026-07-22,2026-07,18,18,-0.6449948400412797,,,0.009287925696594427,,,-0.5080021327471211,,,0.0,,,-0.32507739938080493,,,-0.09184726522187822,,,-0.41382868937048506,,,-0.17647058823529413,,,,,,,,,,,,,,,,,,
2026-07-23,2026-07,14,14,-0.6395604395604395,,,-0.024175824175824177,,,-0.17362637362637362,,,-0.367032967032967,,,-0.38461538461538464,,,0.01978021978021978,,,-0.4461538461538462,,,0.3802197802197802,,,,,,,,,,,,,,,,,,
2026-07-24,2026-07,11,11,0.0,,,0.11818181818181818,,,0.05454545454545454,,,0.13636363636363635,,,0.02727272727272727,,,0.6818181818181818,,,-0.09090909090909091,,,0.7181818181818181,,,,,,,,,,,,,,,,,,
2026-07-31,2026-07,13,13,0.1043956043956044,,,-0.17032967032967034,,,0.18681318681318682,,,0.15934065934065933,,,0.016483516483516484,,,-0.23076923076923078,,,0.37362637362637363,,,0.07692307692307693,,,,,,,,,,,,,,,,,,
2026-08-04,2026-08,17,17,-0.4803921568627451,,,-0.049019607843137254,,,0.25,,,-0.39215686274509803,,,-0.2916666666666667,,,0.08088235294117647,,,-0.26715686274509803,,,0.4117647058823529,,,,,,,,,,,,,,,,,,
2026-08-05,2026-08,12,12,-0.8181818181818182,,,0.2727272727272727,,,0.38461538461538464,,,-0.6363636363636364,,,0.4825174825174825,,,0.5524475524475524,,,-0.04195804195804196,,,0.6503496503496503,,,,,,,,,,,,,,,,,,
2026-08-06,2026-08,15,15,0.039285714285714285,,,-0.5214285714285715,,,-0.22698847312307222,,,-0.06428571428571428,,,-0.20714285714285716,,,-0.275,,,-0.17142857142857143,,,-0.08571428571428572,,,,,,,,,,,,,,,,,,
2026-08-07,2026-08,13,13,-0.02197802197802198,,,-0.2857142857142857,,,0.09340659340659341,,,-0.3516483516483517,,,-0.4340659340659341,,,-0.3241758241758242,,,-0.3626373626373626,,,-0.02197802197802198,,,,,,,,,,,,,,,,,,
2026-08-10,2026-08,15,15,-0.2392857142857143,,,-0.34285714285714286,,,0.051832013547788144,,,0.24642857142857144,,,0.375,,,-0.3964285714285714,,,0.5892857142857143,,,0.21071428571428572,,,,,,,,,,,,,,,,,,
2026-08-11,2026-08,13,13,-0.016483516483516484,,,0.2032967032967033,,,-0.2087912087912088,,,0.06043956043956044,,,-0.03296703296703297,,,-0.07692307692307693,,,0.3021978021978022,,,0.3131868131868132,,,,,,,,,,,,,,,,,,
2026-08-12,2026-08,17,17,0.10049019607843138,,,0.06862745098039216,,,0.21949728221286283,,,0.26118950341530606,,,0.19852941176470587,,,0.3014705882352941,,,0.11519607843137254,,,0.12009803921568628,,,,,,,,,,,,,,,,,,
2026-08-13,2026-08,15,15,-0.275,,,0.5535714285714286,,,-0.125,,,0.15357142857142858,,,0.175,,,0.325,,,-0.10357142857142858,,,0.4,,,,,,,,,,,,,,,,,,
2026-08-14,2026-08,17,17,-0.24509803921568626,,,0.18382352941176472,,,-0.013496942675258953,,,-0.12883445280928998,,,0.18872549019607843,,,-0.04411764705882353,,,-0.28921568627450983,,,0.27450980392156865,,,,,,,,,,,,,,,,,,
2026-08-17,2026-08,17,17,-0.0196078431372549,,,-0.17401960784313725,,,0.19865117161164123,,,0.31637038441853976,,,0.00980392156862745,,,-0.25735294117647056,,,-0.2181372549019608,,,0.125,,,,,,,,,,,,,,,,,,
2026-08-18,2026-08,17,17,-0.10784313725490197,,,-0.09803921568627451,,,-0.22794117647058823,,,0.06862745098039216,,,0.029411764705882353,,,0.16666666666666666,,,-0.20098039215686275,,,0.5245098039215687,,,,,,,,,,,,,,,,,,
2026-08-19,2026-08,19,19,0.056140350877192984,,,0.0,,,0.24945124856691753,,,-0.23364095816478894,,,-0.008771929824561403,,,-0.04912280701754386,,,0.07894736842105263,,,0.14385964912280702,,,,,,,,,,,,,,,,,,
2026-08-21,2026-08,17,16,-0.031862745098039214,,,-0.07352941176470588,,,-0.30637254901960786,,,0.48284313725490197,,,-0.07107843137254902,,,-0.0196078431372549,,,-0.1323529411764706,,,-0.14215686274509803,,,,,,,,,,,,,,,,,,
2026-08-24,2026-08,14,14,-0.4593406593406593,,,-0.2043956043956044,,,0.4945054945054945,,,-0.07252747252747253,,,-0.3802197802197802,,,0.5648351648351648,,,0.2043956043956044,,,0.15164835164835164,,,,,,,,,,,,,,,,,,
2026-08-25,2026-08,11,11,-0.20909090909090908,,,0.09090909090909091,,,0.13636363636363635,,,-0.07272727272727272,,,-0.4727272727272727,,,-0.00909090909090909,,,-0.13636363636363635,,,-0.07272727272727272,,,,,,,,,,,,,,,,,,
2026-08-26,2026-08,15,15,-0.4107142857142857,,,0.07857142857142857,,,-0.06082299535498801,,,-0.22142857142857142,,,0.2642857142857143,,,0.13214285714285715,,,-0.025,,,0.7,,,,,,,,,,,,,,,,,,
2026-08-27,2026-08,15,14,-0.10357142857142858,,,0.21428571428571427,,,0.13941024333543017,,,0.22142857142857142,,,-0.2642857142857143,,,0.14642857142857144,,,0.16071428571428573,,,0.2642857142857143,,,,,,,,,,,,,,,,,,
2026-08-28,2026-08,10,10,-0.34545454545454546,,,0.296969696969697,,,-0.5272727272727272,,,0.030303030303030304,,,-0.07878787878787878,,,-0.09090909090909091,,,-0.503030303030303,,,0.16363636363636364,,,,,,,,,,,,,,,,,,
2026-08-31,2026-08,14,13,0.006593406593406593,,,-0.3758241758241758,,,-0.12967032967032968,,,-0.08571428571428572,,,0.06373626373626373,,,-0.1956043956043956,,,0.18681318681318682,,,-0.09010989010989011,,,,,,,,,,,,,,,,,,
2026-09-01,2026-09,10,10,0.28484848484848485,,,0.3212121212121212,,,-0.030303030303030304,,,-0.11515151515151516,,,0.5515151515151515,,,0.3090909090909091,,,0.3575757575757576,,,0.05454545454545454,,,,,,,,,,,,,,,,,,
