rule,run,fam,board_flat_t,board_flat_m,board_cs_t,board_cs_m,fair_t,fair_m,sel_t,sel_m,mkt_v_t,mkt_v_m,to,twin_cost,rule_cost,board_ts_t,board_ts_m
mom_12_1,LIB,momentum,0.12846574542740996,0.0004124831076329695,,,-0.014680074654354116,-4.6887625684013464e-05,0.24481118025314783,0.0007757062179987491,-2.208065294914543,-0.013436863894795953,0.4075529747909083,50.87622487842103,59.10216331524865,,
mom_12_1_large,LIB,momentum,2.770291958344985,0.007526425606908181,,,2.7238997235303155,0.007996062693934821,2.0587136638616568,0.006038814022729004,-0.9572832334908636,-0.0029813553428447485,0.33033958886529813,52.76051981855959,33.37967691900033,,
mom_12_1_mega,LIB,momentum,0.6191620373650887,0.0016437029058553121,,,0.4201456004965916,0.005005589138980086,0.1316431105470492,0.0015547109758832305,0.0,0.0,0.21005450673848952,50.796274674468414,19.284337180249562,,
mom_12_1_mid,LIB,momentum,1.4075536274756686,0.004030467081179645,,,1.9363054914728308,0.00503010668077803,1.710218609617545,0.004430732078777762,-1.1186710514888123,-0.006421421529129903,0.3983186151626235,53.283417042406704,47.387422653719554,,
mom_12_1_small,LIB,momentum,0.09780513994065887,0.000292254226868752,,,-0.2690584556693178,-0.0008063543732463157,0.136024847595894,0.00040572953295089605,-2.0746010319704093,-0.012066113424661865,0.45026565702020516,52.97064305750126,65.09148211947337,,
mom_12_1_q,LIB,momentum,0.32964133694865366,0.0009718254032269327,,,1.8177688506396694,0.005799689320840091,1.5341569616358124,0.004849079979756662,-1.5558594556884224,-0.008911228932289178,0.26817180609939434,49.36063745790953,39.85454404707524,,
mom_6_1,LIB,momentum,-0.09554463689145712,-0.0004183493349745478,,,-0.6420119855693086,-0.002767030894555084,-0.028961107891584088,-0.00012390079432795392,-2.1520410801679764,-0.012956562623510198,0.5520024275733977,54.51123600192738,80.94253700419868,,
mom_6_1_large,LIB,momentum,1.7587811543468144,0.006958070226396652,,,1.9723145565723985,0.007715858964092069,1.7973462959928024,0.007125699991648095,-0.9506623171392812,-0.003446081534264822,0.4558374452627699,50.978269974695735,45.186457176617544,,
mom_6_1_q,LIB,momentum,-0.024824203455367632,-7.270439801219695e-05,,,0.06850788167285893,0.00020723121902545237,0.05383404808275816,0.00016179085218459888,-0.5142132298618893,-0.002837258843724679,0.33658511762559673,51.37026203598606,50.915858367577535,,
mom_3_1,LIB,momentum,-0.29201092232815556,-0.0008830308149829823,,,-1.8545965779564926,-0.00572835013784313,-0.1838822846986516,-0.0005603592534739073,-2.2638958526567188,-0.0131416167904962,0.771476163269566,58.22465930170846,109.9045681454007,,
mom_12m,LIB,momentum,0.4757598873158062,0.0016161956783824682,,,0.4911932737449832,0.001705492829464795,0.6137453773448752,0.0021149362319842703,-1.7263977120001621,-0.010921175205994957,0.383228339913843,51.09241185219809,55.186845877392834,,
mom_6m,LIB,momentum,-0.035322171900658964,-0.00012403435664558774,,,-0.5729960217445421,-0.0020265303103386106,-0.021528245219620865,-7.54632168735982e-05,-1.3283618859213968,-0.00803115619046927,0.5063269607557718,53.717005816888566,73.2276767515387,,
mom_12_7,LIB,momentum,-0.7246843098068945,-0.0018958151265139535,,,-1.281203079901009,-0.0033504948221412803,-0.6949521281838418,-0.0018181326208897644,-2.0780396694574432,-0.014574429822204263,0.49051097910690145,53.12440823234289,68.44803024485805,,
hi52,LIB,momentum,-2.443737190808074,-0.00331865920241047,,,-3.8755745363820764,-0.005320891924979931,-2.2621715880126976,-0.0030894326661683297,-3.3521654098349805,-0.009440524591394465,0.9460636998764443,45.72963469518975,68.04422728330574,,
hi52_large,LIB,momentum,0.6372715284470639,0.0010562860436574744,,,0.5312522660192514,0.0011673654332248111,0.8341820612545644,0.0017945808092239015,-1.7893799372964878,-0.0056053316660263615,0.7101608720533251,38.36175099568119,44.63390475567209,,
hi52_q,LIB,momentum,-1.638352588692941,-0.0016953370990275914,,,0.026034465190989953,3.450328400543299e-05,-0.8455687539507433,-0.0011136590340879676,-1.8037928403309162,-0.0055307567431740505,0.353713563943655,37.96411874463739,26.48249556370339,,
resid_mom_63,LIB,momentum,0.462953341952259,0.0014039094731351286,,,-1.034516898929234,-0.003100758988804204,0.3212994089619195,0.0009510532157603632,-1.5208911729709438,-0.009981992521655882,0.6820264537021811,56.342882806505116,96.86100485215077,,
resid_mom_12_1,LIB,momentum,-1.1132993681064234,-0.0037433229750841314,,,-1.2624446644632876,-0.004278041258751392,-1.0289563857117439,-0.003463747131626633,-1.8144530100749006,-0.011831596542800154,0.39347718250919517,53.01847289677744,61.161414168025004,,
resid_mom_12_1_large,LIB,momentum,1.9285370212799058,0.006285902923782954,,,1.9627635797678233,0.006681245519487634,1.3830433185954971,0.004719208754543201,-0.6360042174601878,-0.0021590530481189535,0.3232327088937469,55.032930353314306,35.35484434220802,,
frog_in_pan,LIB,momentum,2.1352980412376263,0.004589961276826004,,,1.8685246811993323,0.003982538603598845,2.018724405826836,0.004267038913517477,-2.1645942018786166,-0.011318974217198817,0.4483823574118602,42.8587427305325,45.70374582971879,,
up_days_12m,LIB,momentum,0.6861300817806086,0.000977972871693529,,,1.2867044685359696,0.001857776603588051,0.935854650685227,0.0013384698279275584,-2.564558142495214,-0.007143333792500682,0.41848009759020277,39.079156511508366,33.88608875490344,,
trend_ma50_200,LIB,trend,-0.681749855360083,-0.002270432955368435,,,-1.0166604462039683,-0.003472615668517497,-0.6515677342571919,-0.0021948266358023786,-1.629789573308053,-0.009344405750406725,0.4363094522229029,52.00282961327759,64.7807199404288,,
px_vs_ma200,LIB,trend,0.3750340051490151,0.0012834039686017383,,,-0.2202577833402508,-0.0007673889117890774,0.4282901521635764,0.0014726465179023182,-1.451174384606086,-0.008600680950450855,0.5447106567961587,54.77002076834547,77.17037506525944,,
px_vs_ma200_large,LIB,trend,2.5448025667858003,0.00925556782914738,,,2.980442742925316,0.010784975752230815,2.6681542091123576,0.009770499291067093,-0.6063453315546551,-0.002163670279929184,0.4089495570635962,49.64882231037279,39.62592344243953,,
rev_1m,LIB,reversal,-1.1830813401465778,-0.0034882918117770823,,,-4.110930886077407,-0.012024096039769562,-1.2328100261994897,-0.003647141526139575,-1.1988447268921574,-0.009773818008458467,0.956851246190623,60.231948249260405,144.0014933855603,,
rev_1m_large,LIB,reversal,-1.1031972060636155,-0.002678587131565245,,,-2.2329385856079593,-0.006097551751281255,-1.1757864401693245,-0.003215532547895008,-1.7176755740804528,-0.010163071234357406,0.8505784719293955,59.187415922038134,88.00760795590061,,
rev_1m_small,LIB,reversal,-1.0889541619052523,-0.002901590758919974,,,-4.382068789473383,-0.011583403192004512,-1.1369305710211357,-0.003048183808941743,-1.9656966266891873,-0.013647854600903115,0.949388764519054,55.201496358021,140.5536901886487,,
rev_5d,LIB,reversal,-0.17504646473699553,-0.0005037046111273185,,,-2.737713388617622,-0.007486474909632144,-0.21646474692863021,-0.0005986588295214927,-2.6863080139100664,-0.016294390516575493,0.9662657921258495,61.523119192588304,130.40127999369483,,
rev_5d_large,LIB,reversal,1.2496836321678069,0.0029058865963097285,,,-0.3094309564106444,-0.0007321728123417721,0.8308849412162228,0.0019732531423159103,-1.5885993707861112,-0.006561708143352894,0.8524467696777625,56.96481485954751,84.01907440612432,,
buy_the_dip,LIB,reversal,-1.40073091732121,-0.003826714548539563,,,-1.8917678216820786,-0.005707076850756973,-1.6360061651602835,-0.00497661939299849,-0.5594107778266354,-0.00451377379822521,0.5379628717265938,54.7684581586996,62.07303273628441,,
rev_in_winners,LIB,reversal,-1.792174614746069,-0.004853447841682882,,,-4.537919578874979,-0.012253559884546673,-1.8625903917479165,-0.005058726563886567,-1.497185151778593,-0.011530539756180352,0.9613153594637269,56.577131343974564,128.5254645505756,,
lowvol_21,LIB,low_risk,-1.3966905232639872,-0.002199326317748993,,,-0.858291241654527,-0.0013523466463358086,-1.5227920322184263,-0.0023828697582561685,-2.6137387771498615,-0.008590462640046538,0.6021646746488298,34.91724695564865,24.612015836445043,,
lowvol_63,LIB,low_risk,-1.2338267742175424,-0.0016023465929558428,,,-0.8086570223298429,-0.0010336081704256208,-1.3496322180381395,-0.0017139465303918347,-0.9910160851639617,-0.0033930020544981686,0.39678189376438877,23.2120574953281,16.40867389566596,,
lowvol_63_large,LIB,low_risk,-0.1617685687415251,-0.0002671092156672326,,,1.2986125374127255,0.0023436113953834675,0.6275856770049565,0.0011087031568080277,-0.626292654138025,-0.0020533868499474743,0.2929692436400425,27.040646329016617,14.404254676099093,,
lowvol_63_q,LIB,low_risk,-1.6882711806836983,-0.002473696774182428,,,-0.7091577969742613,-0.0009232889081289334,-1.6084144368658135,-0.0020781890481811217,-0.6671557590727456,-0.0024772379013369796,0.28260872761082256,23.299277713220857,11.750276312698965,,
lowvol_252,LIB,low_risk,-0.5401117400290882,-0.0007502191063244837,,,0.5322276926970182,0.0007350276794470244,-0.49011434765536666,-0.0006718540564927592,-0.26094600083915376,-0.0009298592345787088,0.16234618252532534,21.973532085373055,7.9047147259752215,,
lowvol_252_large,LIB,low_risk,-0.16708163690848687,-0.00028559889572751134,,,0.8368828966031089,0.0016020274169464587,-0.03134466091985385,-5.96579764757621e-05,-0.7174858334966152,-0.0024593018175270887,0.13646930159867285,24.11448546602276,7.474988502411797,,
lowvol_252_mega,LIB,low_risk,-0.4609440674628743,-0.0012557199638961868,,,-0.4659567688237231,-0.003513618181710923,-1.0062378133119951,-0.007606840175810577,0.0,0.0,0.18336830173173482,51.146956615142635,15.270406460321128,,
lowbeta,LIB,low_risk,-1.4775976186069866,-0.0031729791283043383,,,-0.8558593239833409,-0.0018188977708561832,-1.3716630023262681,-0.0028982075797409873,-2.379764053876466,-0.008927736270834182,0.28646471617053176,35.565135764654066,24.772037675806022,,
lowbeta_large,LIB,low_risk,-0.21005778096266453,-0.0004046691213247437,,,0.5581978857251709,0.0009980908004455055,-0.3161603807846066,-0.0005603214596454918,-1.1108740689256498,-0.0040274287109398725,0.17793989962684512,26.479842244910945,10.895719644000975,,
low_idio_63,LIB,low_risk,-1.8767311700502385,-0.0020199904345283015,,,-1.2085576294041693,-0.0013028711050779294,-1.6937477808541193,-0.001816822807757078,-2.0692498990441246,-0.005584929200750362,0.4215365776639947,23.2298440505651,18.09032702377361,,
low_idio_63_large,LIB,low_risk,0.5078298450003251,0.0006459150453595197,,,1.7220410914537452,0.002820378064964949,1.1594404337947473,0.0018241722842033683,-0.8002855320021603,-0.00185607287509462,0.32498712500149735,26.672587559053717,16.62877889816508,,
low_max,LIB,low_risk,-1.1855551794796844,-0.0016466480046866362,,,-0.925257921866729,-0.0012929743874292177,-1.2256209058216858,-0.0017058158172505633,-1.922556781935703,-0.00593453898166352,0.7048650715262681,35.70890975657594,31.580495458362492,,
low_max_large,LIB,low_risk,0.09191422606073672,0.00011801770548292974,,,0.8052851227196159,0.0011674696144068498,1.0790409686149989,0.0014723090214707568,-1.2250919929505149,-0.0031834682402922827,0.6986212818109835,33.23604382469319,36.28443789533226,,
skew_high,LIB,low_risk,0.394744190105222,0.0009626379886523424,,,0.5819876542570244,0.0013631767471186675,0.40286983841842783,0.0009413530600899603,-0.8116621204666228,-0.0022319085645522534,0.5420135645871625,51.18472815550903,46.966491285221956,,
shallow_dd,LIB,low_risk,-4.203961085519105,-0.006232820697843298,,,-6.344109128382081,-0.008956004664095747,-4.570061112752563,-0.006439148938039429,-3.9320595958335995,-0.011138515279164457,0.9721079699122385,48.52381624023419,73.69237350079739,,
vol_compression,LIB,low_risk,2.026708808246547,0.0037970517473660923,,,1.3413446833151292,0.002570429382307594,1.889614104711966,0.0036001115947159766,-1.0964981726362852,-0.0028838506217356394,0.7788122235662096,53.026161998218946,63.32298412230278,,
illiquid,LIB,size_liquidity,-2.636188984055466,-0.0069351205428980975,,,-5.809596978747574,-0.01521021680416002,-2.7577390730215896,-0.007192393038862142,-1.438108538693101,-0.012487253245095179,0.7805506106089006,49.14760055473662,129.32583820771538,,
illiquid_mid_plus,LIB,size_liquidity,-1.1694088024348657,-0.0032869318283448444,,,-2.9352437174884134,-0.008442737163125913,-1.5215613127901058,-0.0043822202297564275,-0.765248573684684,-0.006634782184054646,0.6390684471673064,47.54059000056261,88.14575933425748,,
small_dv,LIB,size_liquidity,-0.45706862112794017,-0.0008004977792491103,,,-3.655201132968769,-0.006241244419663061,-0.5833550536696718,-0.0009960570224417978,-1.3344244530672342,-0.006083198956564698,0.8711985596938175,38.99036311605957,91.44223708827221,,
small_not_illiquid,LIB,size_liquidity,0.7087183445667646,0.0007935656347974961,,,-2.074920770844831,-0.002253418053464536,0.9192450158964214,0.0010014275863806787,-1.1047754841068143,-0.0034500407161009265,0.7883329686342819,35.294910070856794,67.84336646930893,,
big_dv,LIB,size_liquidity,0.9615208910220914,0.0016867268863446892,,,1.9106423224740459,0.0037347117428071282,0.5316520618716647,0.0010573582313901221,0.3178740038111352,0.0007708479256555174,0.10424685244775755,35.69990559404967,9.08978435481172,,
turnover_surge,LIB,size_liquidity,-2.1847005219432565,-0.004540946094980669,,,-4.155368127248903,-0.008556739222200455,-1.9641644688324962,-0.0039803056026996905,-4.1537724028841305,-0.01405228869327691,0.962789016156276,54.587929914311125,100.35226610931876,,
quiet_volume,LIB,size_liquidity,-1.5892606590101659,-0.0035839738290250455,,,-3.9168342243386474,-0.008980087532541871,-1.655686746617054,-0.0037401906135640724,-1.7306301346920312,-0.00922461397555841,0.9362782174658845,57.9807584674901,110.37972765726808,,
seasonality_hs,LIB,seasonality,-0.46616037974000996,-0.001350681082035044,,,-2.6541090574775055,-0.0075372584638788796,-0.4155706210717013,-0.0011795097712492693,-2.751530028255432,-0.018163904404007634,0.9394544541140469,57.33043909598593,120.90792602228204,,
seasonality_hs_large,LIB,seasonality,0.9373670414830745,0.0020651643684813426,,,-0.5345829457432348,-0.001135524746714366,0.62170548743499,0.001326833681883069,-1.8816109625215764,-0.007465870217973712,0.8174289813084401,53.575930075416494,78.19951436139084,,
seasonality_1y,LIB,seasonality,-1.6401218155992112,-0.004456637593805352,,,-3.900785152681522,-0.010667633741384807,-1.5228652054886322,-0.0041137977216747345,-2.4075920721223687,-0.014470185010763097,0.9395441862826167,57.417875861124216,122.95623605822496,,
gp_at,LIB,quality,-0.10055911103359645,-0.0001923425178250322,,,1.4176208354257234,0.0026405979248869007,0.11246195848972779,0.00020887384787351252,0.24360003421783796,0.0008427876186670992,0.15729153808339086,41.4849332280012,17.167692457867325,,
gp_at_large,LIB,quality,0.7300208601005456,0.0013550280552638875,,,1.2915915841457097,0.002501315585924577,0.44815384529439334,0.0008667165500772419,-0.6850756943021123,-0.0020161392933646326,0.14531707385442932,28.681232005614888,12.335241647141517,,
gp_at_q,LIB,quality,0.22351362271282968,0.00042839168289119593,,,1.7421426614332278,0.003445292511600304,0.3795497403446176,0.0007485710243401077,0.29946742819262534,0.0012347685752825113,0.13003714039988354,41.43490829561916,14.467693423017193,,
roe,LIB,quality,1.0291945828725253,0.0014230775653985275,,,2.413320913126125,0.0033203932172951797,0.9445209482710334,0.0013011349279302311,0.4320758831106251,0.0010490870702489225,0.20023266091221542,39.09827606158152,18.905693167932043,,
low_debt,LIB,quality,0.2255129530539707,0.00044434801218328043,,,-1.1789724189909185,-0.0022744244636005826,0.43936979573215007,0.0008361026066286298,-2.2667158306395074,-0.009839806128127364,0.7380112211490809,52.198499958589025,83.30377066088114,,
gross_margin,LIB,quality,1.7966755732217194,0.003554078548456136,,,3.0273496038793697,0.005976185671845631,1.7279707648922533,0.0033732271765948103,0.7169221263274308,0.0023183860417841456,0.13813630141695435,41.43127622712497,15.401691274616775,,
mom_lowvol,LIB,combination,0.8300050801059375,0.0009171171930099013,,,1.4887011370908805,0.0016713455301523932,0.7207717852629304,0.000801298428466616,-0.709653958435847,-0.002276906580638716,0.43789287978609975,31.922804799470594,23.222333782612825,,
mom_lowvol_large,LIB,combination,-0.6118242893428057,-0.0008473141118346944,,,-0.08588234747041694,-0.00013768664283224982,-1.186714282281551,-0.0018862643502806,-1.7304130631295853,-0.004279589251634196,0.3443395514298189,37.2449803266627,19.858601579477902,,
mom_gp,LIB,combination,0.4838781408421322,0.0011035820061539587,,,1.0203953771792686,0.002292287941587756,0.8146359123858413,0.0018371623710004474,-0.9427892401611971,-0.004508219577780252,0.3513858867322149,44.705672607797794,40.15441690192471,,
mom_gp_large,LIB,combination,1.2693198840255937,0.003634996227142377,,,1.5260179147672537,0.004574049083176267,1.1218760006323028,0.003381787754777848,-0.26553963070571707,-0.0007697109828676352,0.27351167598166265,35.80792483101728,23.885311547033094,,
gp_lowvol,LIB,combination,0.05298960298157909,5.5416098252982355e-05,,,1.5761523941075697,0.0016622108539114157,0.19912519265362055,0.00020992523343370706,0.37070925456641307,0.0008841823623339692,0.11431320389162072,21.163591338837104,6.640735134060019,,
gp_lowvol_large,LIB,combination,0.5301234210636566,0.0008047784107406851,,,0.8936226568135861,0.0015605841836949276,0.0950675421189088,0.00016639216407081516,-0.4236864157452121,-0.0010559782809906814,0.12621906707980077,21.767185215332574,7.825265019091438,,
mom_gp_lowvol,LIB,combination,1.5413953190827252,0.0018394810192550624,,,2.49183267203254,0.0029590080838994056,1.5969372867776175,0.0018902296214116238,0.04033422911391819,0.00011327723464731549,0.3105426382160412,29.876158199435107,19.188373574557293,,
hi52_gp,LIB,combination,-0.524799280695261,-0.0007983095409734445,,,-1.233025425714755,-0.0018645537565469134,-0.5962130745702662,-0.0009004039974723623,-2.8753501445395577,-0.008627327403040884,0.6846128871163333,43.884940837728124,53.52643842847363,,
residmom_lowidio,LIB,combination,0.7730399228670419,0.0009266792619165131,,,1.1912991945633526,0.0013658121943271135,0.7894192497808661,0.0009078743552768569,-1.125722894080405,-0.0032493703453718055,0.5310886133250408,33.58148785263682,29.002109462134253,,
seas_mom,LIB,combination,-0.3829023875825114,-0.0010208930528009894,,,-2.6281767911977107,-0.006965582745675087,-0.6518270658370254,-0.0017158946648746765,-3.392124695407856,-0.018301190808005918,0.8693549506766072,56.33463501851885,108.83151582652295,,
lowbeta_gp,LIB,combination,-0.4508712937562467,-0.0007463037414014839,,,0.7008218489162058,0.0011430535857800436,-0.2591476368356455,-0.00042259058039550437,-1.0674984229798272,-0.003493138410255434,0.22286618682886858,34.3272229591661,18.670781297410617,,
mom_rev,LIB,combination,-0.5490947516267592,-0.001452690429493234,,,-3.3637867743647623,-0.00894527141179046,-0.7849330316918173,-0.0020912109963224144,-1.8015252433622624,-0.012939712115115742,0.9194852584188045,57.67307039391876,126.21367454859922,,
small_gp_mom,LIB,combination,0.5397466761947974,0.0013082927035840404,,,0.7045822171091369,0.0016809805533487198,0.6117868204921979,0.0014595248449231408,-1.3121877516334237,-0.0053575214252682,0.3705310415494065,45.028991446954436,42.814434362698634,,
lowvol_hi52,LIB,combination,-1.5028244079469986,-0.0017809555290053377,,,-1.8294085823399366,-0.0021786225521498305,-1.4145249951820356,-0.0016772573382400845,-1.6796265114674829,-0.00567006142956783,0.7031754233803501,26.35462864163981,31.368280780737276,,
rev5_lowvol_large,LIB,combination,1.0638523221484308,0.0014590004648053984,,,-0.08663787328769573,-0.00014617285127555322,0.7004257112775651,0.0011598779230275645,-1.4378500697929326,-0.002771369375820842,0.8071503884581287,33.76325135886191,46.73218085658784,,
trend_quality,LIB,combination,1.5576654487777672,0.0035742556995871665,,,2.0684717084985365,0.004448191861454143,1.7395055625357974,0.003733165587287903,-0.818589431141718,-0.003729625758245231,0.37352364459011156,47.49408978456877,40.34382704290637,,
roe_mom_large,LIB,combination,0.698454967966358,0.0012344602750212577,,,1.0144420175785003,0.0020652668042117745,0.2885213016209074,0.0005917627675758707,-1.36554232347013,-0.0032657792667130175,0.2923807732955702,38.99267957069708,24.257639204338044,,
frog_large,LIB,combination,1.3878585040663085,0.0029354376696689123,,,1.9779931495508614,0.004515735684222348,1.5219102603186379,0.0034237202847163524,-2.27923679350372,-0.005818945762026964,0.3577952411557528,40.932326885632676,30.1037773801914,,
lowmax_mom,LIB,combination,1.2612286631582519,0.0016763291093141158,,,0.7390860766727008,0.0009740245209458351,1.280150206706732,0.0016972700483620586,-1.8918236245420785,-0.005190055446255141,0.7706709751973876,39.96971698490107,47.2021722590633,,
mom_12_1_secrel,LIB,sector_relative,-0.3057509494884575,-0.0008726036224497318,,,-0.8580252066713734,-0.0024262959235532974,-0.4509364169040295,-0.0012800788720092326,-2.5958562562181413,-0.012805554004286068,0.4527179670544587,50.41257020871595,61.874740724156595,,
gp_at_secrel,LIB,sector_relative,0.30051797483206755,0.0006295003802465034,,,1.4508110171515658,0.003012586520537257,0.28016253212529707,0.0005785683974881182,-0.5113713838148495,-0.0013686118403226889,0.16388453703919853,42.47935527060542,18.139174040114025,,
lowvol_252_secrel,LIB,sector_relative,0.4463640620128876,0.0005516153040741471,,,1.5627703000771345,0.001967865573351247,0.6031815295029047,0.0007537921148971468,-0.3996453582193819,-0.0010690301308183567,0.19559701215081254,22.37780059020003,10.237066005659027,,
frog_secrel,LIB,sector_relative,2.2542960227018347,0.004271454220455201,,,1.7587813866995443,0.0032813840483629873,2.0712081946534697,0.0038699826723840487,-1.5099786673077609,-0.0055993576693169405,0.48749501025840686,43.082253066341764,48.96823930655239,,
hi52_secrel,LIB,sector_relative,-2.3311320603168295,-0.004857212086693076,,,-3.4289534172044487,-0.007181462921666733,-2.433996583339363,-0.005071512916667299,-4.2426623851809495,-0.01206222373055974,0.9073685079619518,47.945062881593294,69.04456293158762,,
industry_mom,LIB,sector_relative,0.15163311649658262,0.0004384500381445122,,,-0.8394149160611344,-0.0023769401350454042,0.18014047554966894,0.0005103198889568494,-2.764808318501955,-0.009636140658381349,0.8612670102823526,53.93965128206313,82.81225152208566,,
mom_in_top_sectors,LIB,sector_relative,0.3893361954714908,0.0014968976156779581,,,0.15468055684167772,0.0005897442006940525,0.45339416959816214,0.001724242307705645,-1.019070534698742,-0.0072621149254306835,0.4598238588499109,52.07396862764704,63.418949697762976,,
mom_12_1_trend,LIB,regime_gated,0.035630093924146615,0.00010384098391491132,,,-0.24973232261476755,-0.0009248243875391013,0.045301012715190415,0.00016720997046833704,-1.5005583277704821,-0.005858426072729457,0.40599784657349647,45.95710588083691,56.87744946091128,,
mom_12_1_q_trend,LIB,regime_gated,0.03172000973626797,8.496973630339909e-05,,,0.7508397439148703,0.0028021623318888614,0.6166602685591429,0.0022924127286634683,-1.1599022505241028,-0.0039989015619694025,0.276000095272293,44.05021819484684,38.952722162592906,,
big_dv_trend,LIB,regime_gated,1.568143491595142,0.0022422648106496233,,,1.952676201321774,0.0038511503388965274,0.8811434296506527,0.0017531908659590995,0.018100633018286006,3.7662477585681586e-05,0.12672300113443097,30.01010197230352,9.21219533072068,,
mom_12_1_small_trend,LIB,regime_gated,-0.23610943176933388,-0.0006104232706534387,,,-0.5167631980626535,-0.0016569236486192042,-0.053691121432190285,-0.00017135057369161585,-1.5893900228073607,-0.006816934887970327,0.4487326834091557,48.27860184341374,63.134332592689596,,
trend_quality_trend,LIB,regime_gated,2.659067755129684,0.005155775945361066,,,3.0212936626381572,0.007301319761556878,2.7793659968759994,0.006708187380658777,-0.5164688995985365,-0.002073727876354664,0.3750206802789648,44.02754205877425,38.09621824979323,,
frog_in_pan_trend,LIB,regime_gated,2.197277774646461,0.00420555498916809,,,2.254319695307677,0.005445939772791246,2.3650710919471503,0.005687221434126509,-0.9162950905526013,-0.0032394661890620805,0.44413416664535055,40.07989198039279,42.4927085937454,,
mom_12_1_ivw,LIB,weighted,0.740340002869004,0.0022636691204240963,,,-0.014680074654354116,-4.6887625684013464e-05,0.24481118025314783,0.0007757062179987491,-2.208065294914543,-0.013436863894795953,0.4075529747909083,50.87622487842103,59.10216331524865,,
gp_at_ivw,LIB,weighted,0.20299415360333384,0.00034044565308291217,,,1.4176208354257234,0.0026405979248869007,0.11246195848972779,0.00020887384787351252,0.24360003421783796,0.0008427876186670992,0.15729153808339086,41.4849332280012,17.167692457867325,,
mom_12_1_liqw,LIB,weighted,1.7844377202378334,0.008647138822316958,,,-0.014680074654354116,-4.6887625684013464e-05,0.24481118025314783,0.0007757062179987491,-2.208065294914543,-0.013436863894795953,0.4075529747909083,50.87622487842103,59.10216331524865,,
frog_small,LIB,combination,1.3224964236028973,0.0024252752210663325,,,0.8063458731818881,0.0014605149039506459,1.1825453928307599,0.002128486848859929,-1.6783730753014556,-0.008188995824190129,0.4669489011259933,41.79170039790854,48.47141984700138,,
trend_quality_large,LIB,combination,0.7821203242476926,0.001443969411422962,,,1.2617520086790854,0.0025901386595321573,0.6381545998939587,0.001303905231107636,-0.2012462180229152,-0.0004922143852199604,0.2662961572331407,36.55281666212005,23.69048237787484,,
gp_at_small,LIB,quality,0.40822857906191606,0.0008371385029076168,,,1.2416472695390508,0.002466310369403729,0.4607662974381097,0.0009115155215804204,0.025052202813543333,9.351314369107344e-05,0.19610632730157077,37.43909147142108,21.891142993187984,,
overnight_mom,LIB,overnight,-3.679427135688445,-0.01301537494308503,,,-4.1065927691179365,-0.014419866563659614,-3.850297506686044,-0.013493120876998093,-1.389732671640439,-0.011960564254308874,0.37215285194223796,50.491040402389835,59.75849726900503,,
gap_reversal,LIB,overnight,0.8082622351976699,0.0019190574539077968,,,-1.1576851770494239,-0.0027386603226288255,0.9985458598792368,0.002425146556818881,-1.9585054767860721,-0.008184079036640859,0.9637050863255164,62.967078201188805,114.60514699566586,,
mom_in_high_margin,LIB,combination,1.5125270563459994,0.003926929042201535,,,1.633805148160839,0.004199869162751126,1.63852048782752,0.004193818580598655,-1.065922991969146,-0.006149650646026835,0.3842905340093957,47.555647948370435,47.49514212684573,,
mom_in_calm,LIB,momentum,2.3430457035546173,0.004373696416104341,,,1.066075390908067,0.0019868324025883676,2.0206045027554267,0.0037279091405030924,-0.28955945806770805,-0.000995435222223941,0.7002259121441824,46.905701048789254,64.3164684279365,,
mom_12_1_bear,LIB,regime_gated,0.418638040755639,0.0006189301313682939,,,0.3813595532768601,0.002614720508090295,0.4191759726853523,0.0028525303671786332,-1.7249197726405006,-0.007748658252354788,0.4498620666473303,71.48705372141113,73.8651523122945,,
quality_in_stress,LIB,regime_gated,-1.0737809490230859,-0.0012054131985611883,,,-0.15466334012409086,-0.0005488581751600827,-0.7875343740588463,-0.0027627082797516715,-0.7155755274457808,-0.0014836376732456915,0.2724413661571324,53.837617906601196,31.699116860685308,,
lowvol_in_stress,LIB,regime_gated,-0.8390027079078473,-0.0008487833582156129,,,-0.1046995094614272,-0.00037175524892348413,-0.5260811755513938,-0.0018529135153337996,-1.4381571135199416,-0.0030362691917736437,0.5766667694821349,41.9146509416864,27.10306827758324,,
reversal_in_stress,LIB,regime_gated,1.6487213149282425,0.0032605549867846762,,,0.600950331362244,0.0032901244072872466,1.6468338940694913,0.009203817743235946,-0.5835713252612552,-0.002139116364205308,0.8193860143663917,77.97092612653904,137.10785948602603,,
mom_in_calm_markets,LIB,regime_gated,-1.7156667893764725,-0.0028862674287245954,,,-1.9469758160159896,-0.007229636807581758,-1.6506535474891575,-0.006046401315630321,-0.9834112251765809,-0.003927865914965149,0.43260380037913293,44.01131280915048,55.84366772866485,,
small_not_illiquid_trend,LIB,regime_gated,1.0991965027405426,0.0009530976754844375,,,-1.2222249622443169,-0.0014348073260336493,1.0154912919454113,0.0011941811193480944,-1.5762005162757717,-0.002888573234670755,0.7587705961832694,31.991034300047207,58.28091875386465,,
mom_resid_to_sector,LIB,sector_relative,-0.3141035487995543,-0.0010983469009671536,,,-0.8037370006345104,-0.002868156033811548,-0.5435328599706738,-0.0019420205038193485,-2.244324367174312,-0.012851488068093818,0.4166473965325933,53.07663055308944,62.33798585301144,,
mom_in_laggard_sectors,LIB,sector_relative,-2.4426301356544338,-0.008292900692908377,,,-3.587118553902207,-0.012196466302469084,-2.307239702248666,-0.00786638740568982,-1.2155571485928522,-0.008471157506081989,0.81358111950006,59.04820677701385,102.34899574480647,,
mom_ex_lottery,LIB,low_risk,1.7120517908611763,0.005329517052214461,,,0.8961186595002552,0.002781995466840626,1.6966646756384103,0.00524095161085924,-2.61708291228143,-0.014590692264616525,0.581492741435469,53.11421714169659,77.70377858188276,,
qc536_secneutral_multimom_large,LIB,sector_relative,1.2424174076866579,0.003805638637694092,,,0.8954083761782945,0.0026548442027239474,1.3683034905569444,0.004025290903660247,-1.6012925677256107,-0.005788275526795839,0.69672185148688,51.21243132435328,64.91689833371629,,
qc629_multimom_above_trend_gated,LIB,regime_gated,2.3227665305288303,0.012677225210361033,,,2.044014958002781,0.01576952815629863,2.146478128301328,0.016710253916864506,-0.45822397252162306,-0.0012933571912051264,0.6458877035166066,49.93084501336862,59.215647942255906,,
qc623_mom63_liquidity_weighted,LIB,momentum,2.5058277908635858,0.009961275356817704,,,2.3149191232328077,0.009207103062110858,2.536334200397044,0.009973862118681457,-1.1408758646873915,-0.0054715068160617495,0.6031934856662675,54.97084736955322,62.638437935259226,,
qc285_secneutral_mom_large_trend,LIB,regime_gated,1.2017177832888652,0.002586117744301063,,,1.2554643237454184,0.004019798615039637,0.9698926019375251,0.0031081851264223247,-0.04644600454401317,-9.027207971216125e-05,0.3603486443441604,41.170131471215726,32.053996585042604,,
qc470_mom252_quarterly_riskparity,LIB,weighted,0.900199845192771,0.0026334863042223686,,,1.18614934485139,0.004084180678858494,0.8452057638144658,0.0028837337146783194,-1.2323494651222984,-0.008407191913215005,0.26115203773750284,50.35601490512439,38.351545263322656,,
qc372_oversold_snapback_mega,LIB,reversal,0.3881889484303394,0.0015231149480766236,,,0.9604752966172654,0.005152421536739211,0.8215222846049441,0.004414913796391029,-0.17015255150949504,-0.0008393557164136276,0.580378270078319,54.316559213333015,48.391624062112726,,
qc768_golden_cross_mega,LIB,trend,0.006572438196775699,3.9146161144567505e-05,,,-0.6250715580902995,-0.007327159342093244,-0.9310404937353519,-0.010744160018940711,0.0,0.0,0.2147770373854941,52.203336832242414,20.598480400837055,,
qc395_sharpe252_above_trend_large,LIB,momentum,1.488916856864742,0.005301325152420321,,,1.4973210048497607,0.005741433432820229,1.30838917538081,0.0050029494773523135,-2.0222200162602992,-0.008772731393867578,0.4091108933438724,44.83127242123923,37.40038477598499,,
qc597_secneutral_multimom_calm,LIB,regime_gated,1.3318123596005853,0.003404715444598497,,,1.2601071603784535,0.004543250052643473,1.5229245024116336,0.005444335204642507,-0.660486436205481,-0.0019840854445553496,0.6533713036906315,43.84815849709905,52.85901001708941,,
qp0025_small_annual,LIB,size_liquidity,0.02394391691258375,2.333041469205433e-05,,,2.268087294975357,0.002369903254281087,0.6470020595514828,0.0006742429611682683,1.0682164060570978,0.003696479193668593,0.12241157808531129,31.159036811294726,14.202433880166536,,
gh01_pullback_in_uptrend_mega,LIB,reversal,0.3797448804984446,0.0009621877509504481,,,1.8981702666163511,0.010188651147247775,1.619226660859514,0.008644173348872027,-0.448341074864397,-0.00047723425807933453,0.4666959800529388,49.9656826687919,36.16522503534555,,
gh02_five_price_factors_ivw,LIB,combination,2.48091318270692,0.004524172785809832,,,1.730978923671591,0.003294450733118058,2.7436516906892505,0.005271517084848729,-1.3386229035608024,-0.005217401075989408,0.9159638117394181,51.541858589403844,71.31252210671056,,
gh04_rps_20_60_120,LIB,momentum,1.3085417886697859,0.003894340954306443,,,-0.4382107151694818,-0.0013089176893069715,1.2119350751848341,0.003570452253369844,-1.9741182238239494,-0.010827715605248547,0.8359760543420071,58.71431220975347,107.5080116365216,,
gh11_skip_month_composite_q,LIB,momentum,0.751534378555988,0.0016725659800782982,,,-0.16944886520557229,-0.0003733476820147321,0.6608791275669003,0.0014430741264503137,-2.2736429426030744,-0.009183105269601524,0.5924881197655011,53.603719545528776,71.76793763017923,,
blog01_roe_adv_annual_large,LIB,combination,0.7713881286547178,0.0011776614383585112,,,2.3443324597271715,0.0040501912560946705,0.9794419054183692,0.0016742525513878492,1.1598812069419158,0.003072089880017837,0.06846411686688025,29.584641639712494,5.825254592644282,,
co03_reversal_in_high_margin,LIB,combination,2.9339972033491972,0.007030115002575784,,,1.207022811644492,0.002834673884175178,3.238654501407417,0.00772668614801697,-1.3897030041933376,-0.007296488917748145,0.9277783758492599,61.6915457753639,110.61166841378183,,
recovery_anchoring,LIB,disposition,-3.035002865520079,-0.004422433902101968,,,-4.603756725343231,-0.0066917334083731,-2.9309135220960907,-0.0042627263527857725,-3.5403729677029903,-0.0111968761967427,0.9305133108950803,47.496745686064784,71.78681624193806,,
quality_momentum_gate,LIB,combination,1.3755118713450911,0.003345123453968969,,,2.0733832254615536,0.004827573558761522,1.4532791946724053,0.0033627447107203163,-0.046716735688750365,-0.0002462676378486633,0.24874440196393813,46.34000948065208,31.69172100024003,,
qc409_book_to_market,LIB,value,0.2770760213163044,0.0008165122637282498,,,0.78839007750572,0.0022965857657572327,0.40786030316714567,0.0011855473955706042,0.3538170503170554,0.003781649731279662,0.22032786444857924,39.48202227750726,28.37163857564098,,
random_1,LIB,control,-0.3405226443571869,-0.0004983201105615821,,,-2.761279876875143,-0.003971020062305864,-0.31562713048179725,-0.0004566890143382349,-0.035018212369129345,-0.0001344993167731622,0.9870547573378791,50.192851736002446,85.33616221567873,,
random_2,LIB,control,0.1477527776893181,0.00019111642838102216,,,-2.968967412102594,-0.0037683391869827,-0.16616255760801152,-0.00021043964240427798,-3.1930903373803834,-0.009577594522553695,0.9846878407747781,48.68216442537359,84.26115987115782,,
random_3,LIB,control,-0.5310240445972172,-0.0006404302620514127,,,-3.404236038004725,-0.004123015139628278,-0.4839002907396969,-0.0005854883635713392,-3.0330344549067796,-0.008965194651645391,0.9857002340688212,48.831895177301796,84.20716293787117,,
random_large,LIB,control,-1.0455984228604631,-0.0016403850239549553,,,-2.619133293502675,-0.0040051515073648595,-0.7111388284263791,-0.001078702951570901,-2.0259807166750132,-0.005240596537086472,0.8851270646489313,39.55121417198534,68.81569972992493,,
mom_12_1_q_jajo,LIB,diagnostic_control,0.27241801337934257,0.0008070787609540771,,,1.8177688506396694,0.005799689320840091,1.5341569616358124,0.004849079979756662,-1.5558594556884224,-0.008911228932289178,0.26817180609939434,49.36063745790953,39.85454404707524,,
mom_12_1_q_fman,LIB,diagnostic_control,0.35583976205945084,0.0010451514357846553,,,0.20263460348839787,0.0006455209312695838,-0.1468584554151487,-0.0004667015394137826,-1.877565846194429,-0.012078405206346426,0.265677191579395,49.34386345116714,38.221638744333454,,
mom_12_1_q_mjsd,LIB,diagnostic_control,0.36287246592628647,0.0010714178730286629,,,-1.0857463626555692,-0.003238023219836027,-1.4575449075180844,-0.00433376172424981,-2.294219426089477,-0.01403295532698474,0.26824550633811833,49.896126283874,38.93874123973616,,
flow_rule,EVT,revision_flow,1.8582071443613086,0.0034138657446496534,1.8502875043694589,0.003397327586928445,2.8965093156670423,0.004741342320416076,2.451383337936642,0.003984661438910039,-0.4728918072825923,-0.0011202181851971797,0.404574367757563,39.857315590837935,32.29050677577755,4.285082685204505,0.008000322998172634
flow_rule_large,EVT,revision_flow,2.241967935419113,0.00390987021837558,2.2698478404062206,0.003941409280034509,2.328840624188712,0.0041531810017785145,1.9830545087480551,0.003506748903949642,-0.5587881590395073,-0.0011534446650355917,0.3774439468674491,36.48550824437678,30.021187266088063,4.919607984672318,0.008696150874880447
flow_rule_q,EVT,revision_flow,1.3110524158697225,0.002014429366226493,1.2772361977864601,0.001964000571290029,0.8617831303148812,0.0016112739285010496,-0.03404064748383351,-6.322154358240985e-05,-1.045872376174497,-0.004495721045274542,0.25960775540385217,37.50870430730224,20.763749586467632,4.9476385884850655,0.007703792765034772
net_raises,EVT,revision_flow,2.62690283071815,0.004370558844256009,2.6495431169379504,0.004414994722509757,2.8128300836917237,0.004650368306314572,2.554493275566158,0.004169827726671556,-0.5142926971334809,-0.0013895761842020416,0.44954347650280363,40.21189723030087,35.40649143387071,5.106435968004512,0.008646679772206161
n_firms_acting,EVT,revision_flow,0.5049998308140059,0.001071167656867639,0.4710785231086965,0.0010027063043622849,0.9617526754325942,0.0019961353144000806,0.43132535662396415,0.0008861061990033942,-0.39149063909286747,-0.0015977705831037563,0.35682315025634387,43.751689009704315,32.65139785573744,3.19520783657147,0.006766947224820594
target_change,EVT,revision_flow,2.117433201487802,0.008883264636282789,1.6023901179133062,0.0066286627931885925,1.561278889820422,0.006433884974943878,2.064719539733687,0.00859970955307446,-0.5604930982005804,-0.003713089733350027,0.5537490695215755,54.105748328216784,75.76399410952261,3.0588651018355724,0.012912969582870068
net_raises_30d,EVT,revision_flow,1.8875018534049675,0.0029042630734252752,1.8643916738166613,0.0028505464694006753,0.3240130606354532,0.00047739614275992166,1.883507229830551,0.00278681594816315,-2.559270678929434,-0.005324701999343429,0.9215782886184034,48.39974597308492,71.49394402711721,2.2668588879804648,0.003473488128349468
net_raises_180d,EVT,revision_flow,1.60853666575935,0.002967536435558007,1.6193257021311032,0.0029867652397849638,2.203704487168252,0.0040011204629733675,1.4949696508778796,0.0026961399934913553,-0.37333781737686683,-0.0012402209627939108,0.30591742004557254,37.13290618336849,24.083101488548383,4.548201371623467,0.008326818766275428
flow_acceleration,EVT,revision_flow,2.571494464664156,0.0046029228428772955,2.55338621563128,0.0046023139952658205,0.7380786037851083,0.0012792521110764996,2.2221482498645564,0.00385239315111074,-0.6415066647804362,-0.0019245109011789656,0.9475897197392092,53.03314542688476,78.76455582722714,2.7980977962735367,0.005048078462017259
mom_no_downgrades,EVT,revision_flow,0.7449709316673275,0.002584035834763155,-0.07965158349403878,-0.0002775977433579497,0.6150776150851535,0.002198590467329768,0.8785429790405531,0.0031337344324873675,-1.9183490005207224,-0.012106796706477222,0.42592022226662646,52.341507192724684,61.692946844300664,2.3207470991849157,0.008142785929203611
mom_flow,EVT,combination,1.8589646354397489,0.005853880513346103,1.7047419317856447,0.005407623439556083,1.9079019782098914,0.0058199161213951306,1.9063456561717627,0.005777552113966853,-0.39424814617706544,-0.0018364239049649003,0.45596324065174293,48.735839138883435,48.31219906460066,3.5131761701633133,0.011099035629173378
gp_flow,EVT,combination,0.3807692024776396,0.0007129043940475295,0.4405994733227888,0.0008250330093518219,1.2122345207786895,0.0021648627646814623,0.5817864139853101,0.0010313550954132561,-1.9889852916492106,-0.00658429730008941,0.3504197109633948,41.94911229477695,30.614035602094894,3.2416155721418196,0.0062085080598546245
flow_lowvol,EVT,combination,-0.24389120616536078,-0.0003020377096460846,0.41223728342771426,0.0005114842813063922,-0.16476253343233296,-0.00020253472151222376,-0.5246984372652057,-0.0006422184823895997,-1.3741830686996657,-0.0037970070172963642,0.3801170034547124,23.62438699715068,19.22754938837693,2.743593949374373,0.003431763005699402
upgrades_net_90,EVT,analyst_rating,2.369359250590754,0.003874005084599335,2.3903921018263206,0.003940405124411712,1.9252434564647631,0.0031004535264211245,2.3059078756652056,0.0037200069218013294,-0.7432119151386902,-0.002817545732570798,0.6376767077082555,51.0844266379829,57.27996059178496,4.3228710119112215,0.007181959309937028
upgrades_net_large,EVT,analyst_rating,1.1748666379256385,0.0019676064990057545,1.143526744701526,0.0019186479791974327,0.7688254909849367,0.0012345094287976228,1.1109371778558952,0.0017669868263461633,-0.6093269372213467,-0.0020561266750859695,0.5302168248149014,39.32342738480855,44.625821254729324,3.4738101976209785,0.005829206848127388
initiations_90,EVT,analyst_rating,-1.173309216842012,-0.002083948943760573,-1.0172245186049786,-0.0018078993735751712,-1.4817046837185166,-0.0025800400006759485,-1.3109969597780056,-0.002282831790094475,-1.4299550915497492,-0.004660452611703878,0.6052043522459903,52.214662748158325,55.186744853973074,1.0176845571068514,0.0017939192596368074
init_mom,EVT,analyst_rating,1.2381410645299247,0.002871534133630965,1.083653108103002,0.0025282890703411036,0.3086796351519541,0.0007071744304726353,0.7219663474809241,0.0016462523058412837,-1.3698584627121735,-0.0050484154449647,0.5582008034994211,50.207524397693206,59.598303151379696,3.1383630941777305,0.00729303500210479
mom_no_rating_downgrade,EVT,analyst_rating,0.6941032328971767,0.002616138537464269,-0.01435782469230906,-5.415286849408766e-05,0.5919007259871736,0.002173263693609283,0.9215317646236952,0.0033687446060296955,-1.468498680272094,-0.009240759225172061,0.4501061942921628,52.50077062155031,64.45557974575442,2.0924925042290163,0.007913784970567063
low_target_dispersion,EVT,analyst_dispersion,0.9375332393082474,0.0012173376080081182,1.579311561376293,0.002059278653737265,0.41600778897905916,0.0005308526599808267,0.6181881913853714,0.0007837248824423192,-2.7268611238319687,-0.006816436390663853,0.5669157410427745,38.725874775053136,41.254596999668074,3.8811220721240787,0.005061303702544171
low_target_dispersion_large,EVT,analyst_dispersion,-0.5566678043537084,-0.0007323915591807652,-0.13383510987682906,-0.00017589926935846726,-0.3366249949540668,-0.0004252212930536333,-0.4575454819945817,-0.0005761804959800724,-1.7497680803287894,-0.0040447561983243405,0.39805322487600314,24.834716268929718,23.325124239665318,2.358627676615944,0.0031233026873128686
low_dispersion_mom,EVT,analyst_dispersion,-0.1993896101689991,-0.0003081684069869022,0.07434911220692893,0.00011538907417670612,-1.1264173972371754,-0.0017710432846133183,-0.32521184437326056,-0.0005103186823747748,-2.155095527175755,-0.007908137952956156,0.5932810366392648,42.03175778015233,54.639003802537765,2.451210816795733,0.003832865420767102
flow_in_winners,EVT,flow_momentum,2.410802379839992,0.0040846886603323135,2.453468714516759,0.004157867753339216,2.9152054800661547,0.004852589307216255,2.7109738479130447,0.004477416595125037,0.31493901459523305,0.0008528757420433148,0.4536991598363689,39.13575460176892,35.38402748085673,4.851913842259015,0.008319648707718163
raises_in_losers,EVT,flow_momentum,0.24953262751176625,0.00042480839313272683,0.19714404824905515,0.00033432780550063363,-0.6634689129263645,-0.0011049146172570344,0.44793455461175186,0.0007456292525335665,-1.6613917889166163,-0.00722726346302631,0.8112424322602388,48.540336182516434,67.04577488042244,1.0965918246520268,0.0018669802307464162
flow_accel_mom,EVT,flow_momentum,1.2191819787835778,0.0030340086313518167,0.9526435731968363,0.0023707917998665017,-0.8014211713936568,-0.002023896789152554,0.9618461450942272,0.0024213518231062624,-2.2481404855476086,-0.009063753705248236,0.9338325987697695,53.18681338741739,97.63929951000557,1.2336315604187797,0.003072891854683398
target_change_lowvol,EVT,flow_momentum,0.6832862012424743,0.0008195831584801358,1.1914149825107683,0.0014269001448654981,0.5345016541396996,0.00061384438248612,0.5318316095865175,0.0006093772830047642,-0.8230203727298242,-0.001973990522853469,0.5288178927207452,30.373315911178736,30.328644916365178,3.3782654312875007,0.0040365003146362695
flow_hi52,EVT,flow_momentum,-1.2656013207241814,-0.002559694724310894,-1.0904613819209208,-0.002194699440009275,-2.19401881535045,-0.004400820217447453,-1.485327978036069,-0.0029574253901124463,-3.32121375052881,-0.008104361891772058,0.822097497954936,42.85745438080948,57.29140265415954,-0.48086705190789186,-0.0009669601626885995
attention_reversal,EVT,flow_momentum,-0.17678154027987286,-0.000574012819286864,-0.4393759149900425,-0.001426752480964704,-1.7152011301489887,-0.00544465812696163,-0.40809167974836696,-0.0012993391944506776,-1.4973122475363356,-0.010744913712401582,0.9086972858005481,65.69927165123426,107.15246097634375,-0.10653248412395544,-0.0003460704622632073
insider_buyers,EVT,insider,-0.07325702897638747,-0.00021679955851519896,-0.3340673942529354,-0.0009923271609605462,-0.31412765303961265,-0.0009034932537085337,-0.13287227687705974,-0.00038171799262759764,-1.0680380579808368,-0.006610111711050879,0.44531470632284886,47.29644987275209,52.51420248356146,1.778201390228222,0.005313540773077694
insider_cluster_value,EVT,insider,-0.8542930915938063,-0.0023166875169379616,-1.2022161564454383,-0.0032799942416605133,-0.9678908676540343,-0.002586763410176944,-0.7772264023950437,-0.002078534440151254,-0.647724799465002,-0.003973699024046898,0.42278444898679285,46.18622800572397,51.26851770598087,1.3224997699876466,0.003579732563930411
insider_opportunistic,EVT,insider,0.4641388214153948,0.0009869141361737584,0.08009295538898531,0.00016901284344133003,0.6291563435029566,0.0012546532231803562,0.2923596123269138,0.0005913333468244752,0.442592050943148,0.0020091383741839175,0.3543927440479625,44.286210153786435,37.653011390227626,3.449322970564646,0.0071552384853636
insider_officer,EVT,insider,-0.14242797700337564,-0.00032224874863310166,-0.32418945286812956,-0.0007375657200290474,-0.5197804310454769,-0.0011853051120622625,-0.23772134752181917,-0.0005384250768232325,-0.8430125057226444,-0.004404144311597847,0.47882457825748986,46.12604298925495,52.59484334164525,2.052164357898848,0.0046928705961733225
insider_net_ratio,EVT,insider,1.6140216986515015,0.003780069502176301,1.4122751564856886,0.0032942120358342365,-0.536187173911293,-0.001245293963350166,1.3279147312378439,0.0030848675203284585,-0.5210826160345743,-0.002733996051185967,0.9110545890083207,51.67413429396625,94.97574913075252,1.8058951522572426,0.0042100410250699195
insider_buy_dip,EVT,insider,-0.08990331986732016,-0.00038657612565929717,-0.6904519570672368,-0.0029687212475483504,-0.9018858606276383,-0.003868865149967138,-0.011333985609279687,-4.873744550084592e-05,-1.1679581389597071,-0.010591132076313133,0.6189009190667848,53.18345425719642,91.3847313018593,0.6235601988148995,0.0026845281921010827
insider_mom,EVT,insider,0.6731238111972362,0.0028505357588424663,0.3052489186176424,0.0012860908260475467,0.33407258179563776,0.0013714629635868802,0.7169705032573956,0.002984382345325329,-2.267695209216606,-0.01106545085585539,0.5088704507357522,45.180817524119284,61.31001134150375,1.6937598385767672,0.007205880638390366
insider_cluster_small,EVT,insider,0.0609965451540721,0.00014615130670140168,-0.3025709390839058,-0.0007247647858107381,-0.5739030273984308,-0.0015140097133231288,-0.06050225131264663,-0.00016013900213586595,-0.04742273368314777,-0.00026030392044235046,0.450081095482248,44.75171563230124,58.29042274417387,2.4830998137023985,0.005953366925776679
insider_buyers_large,EVT,insider,0.890064719725206,0.003613900590407546,0.8244472312665403,0.00332336554431369,0.6756946846478828,0.0026829256668861514,0.8186139472613951,0.003303982742166936,-0.4777111678483698,-0.001624205641930499,0.49167555586112766,32.685772167325794,38.896342920133655,1.8094918829695537,0.007362707485712406
insider_flow,EVT,insider,0.9345260381674335,0.002300261683069722,0.8142811073082191,0.0019940233143622673,1.012135342446707,0.0024090007079153103,0.7943829457154586,0.0018623756867806854,-1.7335953597694844,-0.005567076306005519,0.4049497787140684,43.0672855084691,37.60103529712286,2.84330227108382,0.00716754950067977
insider_opp_mom,EVT,insider,-0.7666185811929526,-0.001807904758583509,-1.2588123541258627,-0.0029928276831812073,-0.721020962065727,-0.0017061455596173657,-0.7432730894684871,-0.0017407309124938199,-1.2571338850392806,-0.0049807153243499845,0.3738479114805444,42.30200443783991,41.95615090907538,1.682706457452924,0.003994737824722237
mom_no_insider_selling,EVT,insider,0.9232869984866758,0.0038011949055712204,0.38480830104444647,0.001574094022278273,0.5702713418474581,0.0023853440687097247,1.0951472693623003,0.004656906947305624,-0.1709632664812306,-0.0010176701206382605,0.5605437429332512,49.74461326435963,72.46024205031863,1.8098975738051473,0.007440595200671988
ear_drift,EVT,earnings_event,1.4463712366146126,0.003427637746113868,1.0601126529999878,0.002501708816110966,1.125714538257369,0.0026292648306952314,1.6123960288632981,0.0037763804686011863,0.3356831303603327,0.0019397072717721009,0.46320702160939003,51.99109737349278,63.46225375255232,3.996699737647215,0.00960221809549535
ear_drift_large,EVT,earnings_event,1.7122288875033183,0.004719647645560434,1.699872646322948,0.004645815713657058,1.6614207728699124,0.004400197197100949,1.4923247826249821,0.003956314570135537,-2.0499497767287584,-0.0059975823275302785,0.3979211546381306,44.827445877754336,40.38861960810022,3.789725225225118,0.010615635914992122
ear_fresh,EVT,earnings_event,1.7340719342338795,0.003507589732423691,1.6739317893470878,0.0033961197845793567,-0.7657930806664827,-0.0015360631040632834,1.5876975455974973,0.0031889884803114237,-1.4373657874380197,-0.006332798280223872,0.960854291581806,61.002677865492885,108.25319370923997,1.8954873342329914,0.0038461018257185016
ear_flow,EVT,earnings_event,3.063534152233205,0.007269280345070715,3.2930049417446114,0.00775726657375685,3.0039183807702003,0.006911397040922664,2.939207022073044,0.006785094394442095,0.41177049073026795,0.0015902421507653544,0.49345852510245886,53.5828224979713,52.31979603316559,5.409141425574505,0.012974108483204658
ear_mom,EVT,earnings_event,1.8078724363704517,0.004632155571253053,1.3982138667241883,0.0035832469719670416,1.1965966375832953,0.0030415170132216188,1.7078398654382314,0.004343874155348911,-1.2305026685324407,-0.006044100326201862,0.507121201662298,51.52127726649427,64.54484868776717,3.8245333805753545,0.009825461817143511
eap_mom,EVT,earnings_event,1.6414900381091744,0.004690640291993231,1.1253155242472803,0.003226680968452238,-0.30437631825878037,-0.0008619196608735756,1.540604801124513,0.004313510451101614,-1.4448866501920141,-0.0076039648890899765,0.9098003852927812,60.50023889409244,112.25454001384433,1.5155900045741522,0.004346371648385951
eap_avoid_mom,EVT,earnings_event,0.08244734861698012,0.00022600867113508762,-0.7118555737489594,-0.001957107569694602,-1.8327657811302285,-0.004938162612235224,-0.17625451460973351,-0.0004702044285191447,-3.132337121879921,-0.01778132520765938,0.786950406866486,58.99252176643931,103.67210360360012,0.33359858188778074,0.0009168639392658352
eap_lowvol,EVT,earnings_event,0.11103124514879772,0.00013997964478266745,1.0225157720017586,0.0012907945098913792,-1.0432780354309565,-0.00130365464478055,0.21692382267581464,0.0002722800999954962,-1.720881180079461,-0.0053392742168774,0.9413087036767684,28.52003892076729,44.27938636852775,1.2217559085626266,0.001543735756639933
eap_raises,EVT,earnings_event,1.6356613533846514,0.0032962766059350486,1.6642171001852986,0.0033640928198995904,0.70277835732364,0.0013978201099615099,1.9578057833794984,0.003929527026327203,-1.3336802897504116,-0.004690109360497588,0.9556131725845847,51.927789824738525,77.24485898839546,1.8368702036486297,0.003717209652993616
runup_exit_before,EVT,earnings_event,0.6155122328139009,0.0011921288639007278,0.8015144777659493,0.0015528256735235365,-1.1432201086249731,-0.0021814079603114985,0.42037870731998395,0.000795617803552773,-2.4178057914507898,-0.007824873981523003,0.9983443708609272,61.21382475846734,90.98408239711007,0.8093417021929554,0.0015679707913138657
runup_exit_before_large,EVT,earnings_event,1.2307714110326033,0.001907757689847448,1.3036281467000375,0.002014593179803154,-0.7586322684433952,-0.0015998563622327054,0.13291925649227637,0.00027867410572052714,-1.6684394596155823,-0.002568259577107022,0.7857142857142857,40.37120913408913,59.15651381362146,2.361928233525875,0.0036907296635889622
net_raises_secrel,EVT,sector_relative,1.986331972888011,0.002680291515661385,2.1145426953282396,0.0028439506034520436,1.9126251711605051,0.0026087095405911563,1.8672871285016155,0.0025343218385995847,-0.08242569480134654,-0.00017473068076971935,0.5165989361422175,39.59336296605264,38.84948594613691,4.734406070290566,0.006411250423881269
mom_flow_secrel,EVT,sector_relative,1.2302873393716418,0.0028513100369917965,1.1684723239114994,0.002729595408635921,1.3420528287543916,0.0029438945006782136,1.5899594543452635,0.0034810578860140135,-1.2360155998175526,-0.00446913187390948,0.516234752958686,45.43066839095741,50.802302244315406,3.2223102480642725,0.007455923478967937
mom_no_downgrades_trend,EVT,regime_gated,1.0510538188533756,0.0031243756996919914,0.2598758546746608,0.000774482737772144,0.7072137515436983,0.002868910274628103,1.017856107123483,0.004123433277726516,-0.8914569760117966,-0.003432435077122691,0.4233400895654119,46.328514919639275,58.873744950623376,2.2229886134331887,0.006670429754981817
net_raises_trend,EVT,regime_gated,3.2504704293359015,0.004180952049064906,3.305735401932216,0.004251493166634105,4.050445457784173,0.006499585635914075,3.79908134158288,0.00599538221654326,0.45909540111071917,0.0009164385430710118,0.44407684874289816,35.1286019548596,30.086567761151443,5.234050878548919,0.006969691156899827
mom_flow_trend,EVT,regime_gated,3.109517802749909,0.007016273396068765,2.94828420370483,0.006698985169722414,3.203154939267884,0.010083469702624243,3.17253352618121,0.00993396085400315,0.6388441402548007,0.002074892514741193,0.4448502068726747,43.79272512252207,42.29763663631114,4.583628757142599,0.010534008229908656
net_raises_ivw,EVT,weighted,1.8217849058966815,0.0029005906640692763,1.8556780472466428,0.0029611515993188038,2.8128300836917237,0.004650368306314572,2.554493275566158,0.004169827726671556,-0.5142926971334809,-0.0013895761842020416,0.44954347650280363,40.21189723030087,35.40649143387071,4.242448299525199,0.006862169903297715
mom_flow_ivw,EVT,weighted,1.5332225362123073,0.004537402721916724,1.4346389898017082,0.004269008868402922,1.9079019782098914,0.0058199161213951306,1.9063456561717627,0.005777552113966853,-0.39424814617706544,-0.0018364239049649003,0.45596324065174293,48.735839138883435,48.31219906460066,3.2266818213026975,0.009566111792345455
net_raises_small,EVT,revision_flow,1.5235932482677084,0.0028050238692720183,1.7399628377257668,0.003236084825546425,0.8661907684848053,0.0015763151149938532,1.4566601689083245,0.002628027004407859,-0.5317992306826245,-0.001728506291532336,0.5525682722253752,41.82892489317927,52.346043787319324,3.971205573176441,0.007379823807852357
net_raises_large,EVT,revision_flow,1.7084799579756897,0.0029858392556103668,1.7234683200381982,0.002997739675554099,1.9097834047624462,0.003272194635763065,1.6435580424145488,0.0027834391131622183,-0.263914030723956,-0.0005730508382295378,0.40961398377546687,36.71130876844797,31.82375354243949,4.250297802034751,0.00749043991239837
mom_no_downgrades_large,EVT,revision_flow,2.0020019669439946,0.006274366977524994,1.7091968765360384,0.005389124203095213,2.4733081442740867,0.007291248188486362,1.9426021188112221,0.005707706684057376,-1.2660289200532937,-0.0038244575662525686,0.3628660129752008,51.689485369021,35.96414846471535,3.6872746934569656,0.011706819795659414
mom_no_downgrades_small,EVT,revision_flow,0.6456087073291968,0.002186909937403844,-0.05103268832062868,-0.00017408935488285026,0.34554016474892696,0.0011692300651927358,0.6957769582315096,0.002349101669575814,-1.2513528887883842,-0.007919486626751874,0.46528908098087024,54.894821191020846,66.69353723485163,2.215454342625764,0.007568211925574207
mom_flow_small,EVT,combination,1.9143604944012296,0.00553114119155213,1.8684072613001674,0.005444668725717301,1.5004167862638589,0.004346882363558858,1.9575292622423779,0.005663331102994111,0.23371599768378365,0.0010525132436215161,0.5302201123433298,48.091443664894435,61.25593105924698,3.691889420270197,0.01079771747139029
div_mom_insider_flow,EVT,diversified_combo,1.2612108809973321,0.002411039226975923,0.9834815613135649,0.0018810688062416265,0.5332554919896645,0.00102527937419141,1.0197526069266813,0.001971328038815871,-2.429912730327782,-0.007968660379634557,0.5269806659102975,42.466549733017075,51.927036379261686,3.333814565046085,0.006456659761220371
div_quality_lowvol_insider,EVT,diversified_combo,0.9721167175201111,0.0013883810671572526,1.2033798737385515,0.0017249154406916137,1.5566079050773833,0.002272827803044644,0.9442379392442326,0.0013767226229056996,0.356300019331747,0.0009445528656620881,0.36879990401199725,32.23596807287937,23.27491627148994,3.817968343055548,0.005541019714220147
div_agree_quality_lowvol,EVT,diversified_combo,0.2356338638677665,0.0002738005028974664,0.723880673081818,0.0008398868812143692,0.8364214707944353,0.0010012136026799883,0.2616415915840249,0.00031286512295211556,-0.35160573561649594,-0.000823476711501214,0.3128297302065675,24.6282531375557,17.74476834027697,3.766590274600501,0.004430733607651802
div_insider_reversal,EVT,diversified_combo,-0.7167394126775523,-0.0020252179271274947,-1.1456535601954412,-0.0032670600923318236,-2.1669500837947187,-0.0061239283260615986,-0.8215696293939693,-0.0023254378343257843,-1.353081578467412,-0.008484792026178417,0.8012711805228785,55.54927127383908,93.53417619119722,-0.3243865304499129,-0.0009211168049437057
mom_in_raised,EVT,flow_momentum,1.6899115786106982,0.005809788073540579,1.0973614390942967,0.0037866359558949704,1.353692492301187,0.00451712819182151,1.685641507275995,0.005591090082393974,-0.6106102948694693,-0.00364536711631799,0.4705304503903809,52.951989847496115,63.69160875322075,3.191179303795019,0.011026039097626098
mom_with_insider_buying,EVT,insider,-0.03746185418140327,-7.59045272066435e-05,-0.5469533043434331,-0.0011246268568743348,-0.16521457992484057,-0.0003273761453496267,-0.22869040475157798,-0.0004497020487886027,-1.3923977733432205,-0.005570895181935369,0.37307966268011183,42.167196247561115,40.94393721317135,2.7943292261130863,0.00576421638577397
insider_in_calm,EVT,regime_gated,0.36327260467710554,0.000472570278283837,0.1073242038958449,0.00013879397078497848,0.1054424105443514,0.00047689815703541095,0.08475145312791421,0.00038147872776602765,0.05774474311446602,0.000143893481279631,0.4085520205174257,37.891921213119886,36.937726920426044,1.5794539510907302,0.0021077778050929688
insider_secrel,EVT,sector_relative,0.7331331830368129,0.0014658256648056734,0.47411738919226054,0.000952273890320521,1.6411363075171859,0.003235118725557923,1.0080168583206786,0.0019856242622006515,0.5786229522453523,0.0026137611385000105,0.288214930444174,43.51130773965374,31.016363106081027,4.041014417696372,0.008226854376121988
raise_price_gap,EVT,lead_chase,0.184197979316576,0.0004291365101107007,-0.058760498277247206,-0.00013698293222718755,-1.4029013212221049,-0.0032154328518390228,0.391963788149635,0.0009016812545798234,-1.6904394199482036,-0.009727614082554306,0.9496794491264536,63.02369153096056,104.19483259514905,0.17622710972262418,0.0004111445603647935
cluster_unconfirmed,EVT,lead_chase,-0.07202135769883523,-0.00016355716640612116,-0.1825814958019382,-0.00041311878447145294,-1.2322246195942825,-0.0027385373095316513,-0.33911813589350287,-0.0007627633546048539,-0.6208767531299636,-0.0029998024804754023,0.8010411556615765,55.337779067478046,75.09551861674602,0.66395552317863,0.001512205052360815
insider_before_print,EVT,earnings_event,2.1053219800848173,0.005594772888353817,1.986039969155636,0.00526872850765031,0.28876717027049414,0.0007766460388900408,1.789733516631889,0.004829734496556712,-0.22385429312926722,-0.001238761995932384,0.9269884879069513,57.19092674261452,97.72181131928124,2.267933882556238,0.0060265783870523445
insider_unconfirmed,EVT,insider,-1.273949998540873,-0.003235374754125747,-1.5380754392987268,-0.003935317862412225,-1.4679598086617456,-0.003899890154202188,-1.0869402952522438,-0.002878101116830239,-1.7114982587658727,-0.011015660321425912,0.5109998233205136,48.29769946563747,58.51558983935696,0.6419200628720482,0.001651692765596791
insider_then_raise,EVT,insider,0.44795061077840803,0.0009938741326352895,0.2577767082858287,0.0005672237966400438,-0.7120053066594698,-0.0015303908917364104,0.3643392387476767,0.0007866173775830072,-0.7656622334972595,-0.002969210680714694,0.7715465955542585,51.120049747949636,74.29013244114381,1.2537926229607026,0.002772078207951895
disp_short_avoid,EVT,analyst_dispersion,0.419278633333689,0.0012456668729484593,-0.513012985695254,-0.0015379338189143187,1.8684546186264273,0.006219688253609927,1.6149536249942893,0.005330454177927995,-1.5357762712972418,-0.009377231750097774,0.27583467127521805,49.59967179726152,40.70733104044222,2.9435639780289082,0.008767192818394625
ope_be,BR_,quality,1.7384019077283435,0.002169062806409454,1.9823949169580721,0.0024888811003738525,3.8064680153311774,0.004585260101403888,1.9941921238136784,0.0024066160381424704,1.8304677592971403,0.004870601899342271,0.15634486268310205,34.710397206216406,12.923956573602243,6.931625471713358,0.008735067059767381
cash_rich,BR_,quality,-0.6455062226174707,-0.002293142558776022,-1.3096198016332148,-0.004659525007642799,-0.21025215762768007,-0.0007229951209482235,-0.5740888588892237,-0.0019700718856229056,-0.8698730190540521,-0.006385278616429446,0.23105536251422418,47.70263528570766,35.23186763896086,1.7774163924355857,0.006337729761845771
margin_expansion,BR_,quality,-0.8467000494280594,-0.0022449918438042327,-1.5375696399160566,-0.00409823097154711,-0.5373253264638942,-0.0014159139551053546,-0.964892468390812,-0.002549999810801808,-1.274418149117759,-0.008335871630631465,0.23643723884743836,43.33161930939361,31.990760752429065,2.1535075782619546,0.005784498208572207
quality_composite,BR_,quality,1.985250813505192,0.002381866007817187,2.1139409854646303,0.002548532470842177,3.398681232781286,0.004097784501088772,1.6363841340334044,0.0019593376285330665,0.4116490413203283,0.000809350184552695,0.1388783936917284,31.6217994820106,10.237330756453545,6.7060829514392175,0.008273519768596395
quality_composite_large,BR_,quality,0.5466202940893816,0.0008802602785771068,0.6577115525913981,0.001063781678049011,1.7019666623544756,0.0027674407687022355,0.7125786297404373,0.001154071268167437,-0.17121892507527567,-0.0004074819094917216,0.13147996301211345,25.15862095855761,9.024925953209628,4.166820193845757,0.00682977262623307
low_asset_growth,BR_,investment,0.08524218525077826,0.00020726927527676807,-0.49257908218568236,-0.001203299079322553,0.4093132590969143,0.0009656755945358604,0.1543496572372467,0.00036308495452981105,0.11582317383491655,0.0006741760487502295,0.2751164241729503,41.25689181031569,35.23098541025519,2.8305639073391737,0.006961279668020495
low_asset_growth_large,BR_,investment,1.397625155769468,0.004650190928617026,1.3357302302733183,0.0044505829627067275,1.6501086011778436,0.005062445158277209,1.2799688929763895,0.00396881752679852,-0.05004378277709141,-0.00020415075973886747,0.22265919669860543,30.77503083397554,19.83875451918865,3.2397524466690233,0.010887981830382011
revenue_growth,BR_,inflection,-4.51498276103226,-0.010058112703181462,-5.212686478859403,-0.01167092188823564,-4.036581280915398,-0.008916816909112724,-4.5771511030368055,-0.010176388700418981,-1.7333296898071495,-0.01166713359959923,0.23535375745332315,44.00561783807916,31.409899925016607,-0.847141472115289,-0.0018616971819383407
inflection,BR_,inflection,-1.8349616658426364,-0.004923079870807609,-2.4913870727664413,-0.00670154799359071,-1.3139808443422762,-0.0034676224143622763,-1.7603245195218227,-0.004653204190612678,-2.062003040338671,-0.013083597329007756,0.23651097294332,44.11955550648272,32.2637377439787,1.2366808569845735,0.003344299540772796
inflection_large,BR_,inflection,-0.3331623397848974,-0.0007076326887751796,-0.540580009617275,-0.0011550289867261162,0.44732534256321993,0.0009726129955342181,-0.27780914998410183,-0.0006037319087662091,-0.8790451643761058,-0.0029471821656226424,0.20665714016286224,36.520486651509685,20.75703760850541,3.0377132819351034,0.006535689477506155
mom_low_ag,BR_,combination,0.4522441043829417,0.0015126551348329921,0.04831041561556545,0.00016104661214276007,0.27221053415652974,0.0009040963792530524,0.49438693398946665,0.0016443996971685431,-1.1592652381750823,-0.005950313153399357,0.42034207976939975,42.820157388543656,50.22319056769856,2.0577389181519123,0.006857466432602861
gp_low_ag,BR_,combination,1.211906520035399,0.003244509029841946,1.0576448304743493,0.0028247727538440815,1.5512325417172081,0.004130443137894764,1.09308443918888,0.0028942957999686545,-0.36544300963739934,-0.0016880844688431807,0.2518764791734935,39.173400584406366,26.811927205145267,3.7450934184992897,0.010150139912992654
inflection_flow,BR_,combination,0.26184837656015275,0.0006589224600857223,0.06366306370781813,0.0001611465019863319,0.2513806707085694,0.0006242164310947781,-0.0001886940687608446,-4.633902222389354e-07,-1.3785110796689015,-0.004908182219451094,0.39944072109391476,48.87709137613271,42.63029316296253,2.451860675371842,0.0062455756875159155
margin_mom,BR_,combination,-1.5469365125242505,-0.0034740035897922435,-2.2623944506829523,-0.005124360092381334,-1.8338870869239,-0.004195645966089831,-1.396788128935347,-0.0031998254238483083,-2.785040808511665,-0.012686347450474637,0.47306660602845957,48.85637312458134,58.814578546996565,0.6769054753887445,0.001534426655116261
cash_lowvol,BR_,combination,2.1091833696664706,0.002371840594474942,2.341085596501009,0.0026439246819996666,3.6137804762408403,0.00385463011931007,2.2808632353827143,0.0024293035296785435,0.2774415156290845,0.0004982602992310436,0.17395644365913354,25.036491908775236,10.783226012459961,6.2560234662752015,0.007283042385649324
lead_raises,BR_,lead_chase,-0.8647893298800693,-0.0014233595169907162,-0.8614025548989468,-0.0014131244473826088,-0.6510922227579751,-0.0010390407319537875,-0.7631005438402367,-0.0012189463776280426,-0.7815173117335976,-0.0022115683116832145,0.48925860728714654,42.01358523732208,40.214528780579556,1.6304149618515447,0.002691049083406839
chase_raises,BR_,lead_chase,1.5761201190699037,0.0029573393075428703,1.6596108955268822,0.003128898971863538,1.7184252561563071,0.0031974465733107297,1.4887733657154683,0.0027474095062502515,-1.5093144294300276,-0.003943410765442781,0.4850183018050491,43.608615546106236,39.10824487550146,3.7333384226444752,0.007169728114144689
lead_raises_large,BR_,lead_chase,-0.6512045524316151,-0.000916066169342319,-0.6571897262422292,-0.0009224277930369943,-0.881751727870282,-0.001239637356140051,-0.8509604822166115,-0.0012015025547525713,-0.39079799957930084,-0.0009205407810748767,0.45270808104970695,35.85981615205045,36.241164165925255,2.379753948407754,0.0033639416758629932
lead_minus_chase,BR_,lead_chase,0.03791004057418345,5.8584791193558105e-05,0.03726253453919561,5.7551683960835415e-05,0.1247704846250946,0.00018796780890384263,0.23727998077505594,0.0003575862285184204,0.045037723290359655,0.00014139852798683775,0.5445657831855902,42.92260181428433,44.61878601043009,2.3965322699467926,0.0036999023637931646
lead_raises_in_losers,BR_,lead_chase,-0.26348662907067605,-0.0005545141551713284,-0.3451081857644081,-0.0007238221381923944,-0.6654428159626206,-0.001367653720060398,-0.19138214441347237,-0.00039449461854140886,-1.1958007454371025,-0.006151046151491997,0.6880883003341642,48.4056212150029,58.137212230192794,0.9055373436022831,0.0019131301568648708
lead_gp,BR_,lead_chase,1.64318147010169,0.0033781180173617143,1.7410852153188592,0.003577566084942864,2.1254014342289085,0.004301670465315739,1.705967745022762,0.003408415817087014,-0.07947425897715678,-0.00027343949737557567,0.4007547311058947,43.45880109328568,34.52625461099843,4.105679407787677,0.008598503092269007
skill_raises,BR_,analyst_skill,1.8855111285072266,0.003421414216349747,1.9065121462869394,0.0034555468807288543,2.522857676302761,0.004384516880714085,2.3167087979422134,0.0040139065391513185,0.10707233213024192,0.0002691211648218368,0.4602409356179099,38.63106385919232,34.92496044356464,4.057632756840328,0.0074295971093229435
skill_raises_large,BR_,analyst_skill,1.498286231776848,0.002335651698111099,1.5202383873508758,0.0023538882619690777,1.9674545799257417,0.0029867747341826207,1.7213070618959134,0.0026075537353432154,0.13145492544898318,0.00023667687845520548,0.4159278221978462,34.438975563756664,30.646765575362608,4.212721165534835,0.006564620126541767
skill_mom,BR_,analyst_skill,1.0323494067636954,0.0029169923362816546,0.896656981596822,0.0025490552978434805,0.9555430856803799,0.0027971483224197985,0.9677023234677903,0.0028206508556211617,-0.7655460573737539,-0.0035235832306442657,0.46210638118626207,46.29286413226396,46.5278894642776,2.8078759821458736,0.007897732273367679
first_mover_raises,BR_,analyst_skill,2.069828206509331,0.003332068990610794,2.214840227306152,0.003564946971136104,1.9059550707863482,0.002999784095366625,1.881466241793756,0.0029620136614238535,-0.4404291180694385,-0.0012705650025400719,0.5308708929225365,46.479085646189425,46.101381306761716,4.574053187114474,0.00751680415118227
first_mover_large,BR_,analyst_skill,1.4396911794023108,0.0022816860696369128,1.4960351932223495,0.0023898215217263382,0.8622518052561237,0.0013768634126756604,1.3027442664421935,0.002076625343577251,-2.0855137058797855,-0.003481412876586261,0.5150488361920433,33.16560973235328,40.16322904136919,3.770808661282114,0.006107296992392831
inflection_insider,BR_,insider,1.0835083794245741,0.002879620052490776,0.584811995600267,0.001558287269151642,1.3926313472256453,0.003789103465619711,1.0734864324624607,0.002900565290215415,-0.2492632624885045,-0.0010461688491277329,0.29100044104343226,43.765114530463464,34.87973277642051,3.635672919449209,0.009812089016204163
material_agreements,BR_,filing_event,-1.0770313510492215,-0.002763573973257888,-1.2471241839209832,-0.003193817026293842,-1.325603744415165,-0.0034008130263065237,-1.0516206057138975,-0.0027193956723211344,-1.5940628052251153,-0.004012454997405838,0.5764884829556824,45.75743525258456,52.571608792438454,0.28447752177972446,0.0007147710186950843
agreements_mom,BR_,filing_event,1.4659028145703927,0.006025714833040473,1.128920936395703,0.004597143322934935,1.1394301171363297,0.004726677398758066,1.390993127320928,0.005830083976673243,-1.5688584591121637,-0.0038707817904075417,0.49899319610894644,44.07883005313533,55.112895832287116,2.488650321854853,0.010299309581793516
mom_no_exec_change,BR_,filing_event,0.07364162098052111,0.00030777828688672253,-0.1655003962456381,-0.0006854633399287918,0.30404361843295796,0.0012642814303226804,0.3816074213922553,0.001595808570662795,-2.2570814923229294,-0.004555889461555249,0.4461029589398366,45.993878867944886,49.30915027134603,1.378783512019554,0.00572289502045177
regfd_attention,BR_,filing_event,-1.53617639316633,-0.0027638684042785204,-1.6232098903789298,-0.002926582336249354,-1.3102600383913856,-0.0023853975650588565,-1.630879894064963,-0.0029261177652730942,-0.7115598735224291,-0.0013012892398011338,0.42716290799524537,43.10006516060951,37.692863158467134,1.0712455473703595,0.0018801831576905005
filing_intensity,BR_,filing_event,-1.2536990686231522,-0.0034285589234107146,-1.4318103565823854,-0.003886323418947681,-1.3904384105135685,-0.003493682464488171,-1.2699533544088775,-0.0032287811833076625,-1.3524419996622308,-0.003220350449119149,0.5100889777734124,44.970922978016326,47.61993578982142,0.20667132492665688,0.0005637053315344499
distress_free_reversal,BR_,filing_event,1.494287053406857,0.006089942264508645,1.260487779235683,0.005155083133722345,0.07252611279373668,0.00028612553902773356,1.576857725683928,0.006320873471826455,-0.9545738155668841,-0.0036232405518596606,0.9404233679345492,60.58084015760584,120.92831948559308,1.443384148117364,0.005910996140331987
low_days_to_cover,BR_,short_interest,-0.7201931991563897,-0.001163805855313103,-0.551934402358166,-0.0008989290948172793,-0.10346284003282598,-0.00016296448283604172,-0.19524395707191738,-0.0003064673019056843,0.29729099936118913,0.0007984054896857234,0.5105669485406358,43.500511102877525,42.065482912181096,1.9213947102509363,0.0031114992331880416
low_days_to_cover_large,BR_,short_interest,0.022915030571276487,3.440667645581238e-05,0.2765221444533544,0.00041690504614512604,0.022987886963024003,3.7994731022777884e-05,0.09125781553831816,0.00015119554689722647,0.14994968696413052,0.00025878765231389204,0.48892896306400974,33.947695451416564,35.07970361016105,2.6858169615376215,0.004140323330062423
short_covering,BR_,short_interest,1.9425433199107827,0.002411608451106611,2.47888498405146,0.0030960753016895555,1.1079180082802886,0.001342860832821335,1.8959740843216741,0.0023203710489265294,0.44809482395817973,0.0012883668098888433,0.7269334763573481,42.1885364347868,51.96363859583875,3.9616487720273224,0.005002007402709908
low_dtc_mom,BR_,short_interest,-0.2765296006341136,-0.000522369935476628,-0.3388218193172728,-0.0006644950678486987,-0.8565755674530767,-0.0016599478527976766,-0.3505537360806823,-0.0006578637454672251,-1.3239097782103195,-0.00522071248246173,0.555737900684025,43.044027359410705,53.064868432715215,1.8646041219485974,0.003603184820103333
short_squeeze,BR_,short_interest,-2.0118255647890937,-0.0036318943044452152,-1.8266802888140925,-0.0033143853574222272,-4.078090514632959,-0.007399565482025769,-2.1870865533217567,-0.003909883217798313,-3.527102034268471,-0.014681616891014762,0.9000808562023247,49.37942453162689,84.27624717390147,-1.313105160505336,-0.0023763527155403977
low_dtc_gp,BR_,short_interest,1.6610441609688693,0.0026245205134015053,1.97860150677604,0.0031647117341624047,1.9994127937793813,0.003098877027165674,1.7170138469335252,0.00265237143502622,0.19365970916277844,0.000579286481261413,0.49045738252235477,43.83187219371742,39.36681627232289,4.4567531402643015,0.007190733847535371
covering_flow,BR_,short_interest,0.6856580925897735,0.0009245922738237275,0.9940600716954084,0.001343794505107849,0.011268317218521092,1.560142828178754e-05,0.7185806934025458,0.0009939852253756443,-4.161425047274545,-0.008684464013224745,0.7165171351448859,41.4541646551428,51.23800262608137,2.4696088192831827,0.0033678068181456273
revenue_acceleration,BR_,fund_inflection,-3.4973334573533768,-0.007679583701258437,-3.98738912817297,-0.008783029977510235,-2.9078817756206266,-0.006258017647588947,-3.453201895291507,-0.007481342490215052,-1.4238370174567467,-0.009314214863660663,0.2552403145480142,43.222486598047986,30.989238171786937,-0.029620346198410395,-6.365188461561607e-05
rev_accel_margin,BR_,fund_inflection,-2.2344625665164957,-0.00555396402585957,-2.729868978380805,-0.006844018269321231,-1.9994614464339493,-0.004802623277446708,-2.484155432640292,-0.005984830290556307,-2.0864692034167804,-0.013453477948705583,0.25597070579697195,43.506460093468505,31.6843899623725,0.8763029774190522,0.002169792508232184
op_margin_expansion,BR_,fund_inflection,-1.7313641074398907,-0.004942322471198931,-2.4420798898451586,-0.006999456474003664,-1.392814472543488,-0.003890069383149785,-1.7244192431317034,-0.004828477333822876,-1.7854602989900759,-0.011846666378936763,0.2414805038614231,43.8082700551023,34.42419054837138,1.1152875853673074,0.003215242233535435
roa_improvement,BR_,fund_inflection,-0.72426957414331,-0.0019197014745104364,-1.4448746463222646,-0.0038513910255406664,-0.5506093133340707,-0.0014347054934329944,-0.784078614377796,-0.0020255398237680514,-0.5716779554456028,-0.003325096068291386,0.28364976774898465,44.65927952366891,38.75093622031833,2.0624271268122665,0.005523703168016482
profit_turn,BR_,fund_inflection,0.33387123133657254,0.000652650800371674,-0.0328939496125973,-6.452507757162916e-05,1.2369413949873511,0.0024046802060737576,0.4995643993691815,0.0009625808432278558,0.6191998021974346,0.0026414284449133006,0.25908653852869046,44.0850723785276,29.66407875006859,4.191892865039277,0.008224506194257268
rev_accel_large,BR_,fund_inflection,-1.362211589459991,-0.002860272571349256,-1.4891739615564363,-0.003133221016109175,-0.7624534062041055,-0.0015564942168565126,-1.5040066596267667,-0.0030377539963785003,-1.6290973848495673,-0.006219335310654293,0.22169927443749116,34.522840984596506,19.71024318937662,1.7958049781890288,0.0037851494799443857
rev_accel_mom,BR_,fund_inflection,-1.3268876267507888,-0.003033203215506277,-1.8897369457317486,-0.004363151264799093,-1.4332245578681517,-0.003290621882516681,-1.487636764755585,-0.003379214890564182,-2.33286121707783,-0.012634002368959238,0.36336146933770025,46.08545843464712,45.19952835417211,1.5187936662866213,0.0035005285648217455
deleveraging,BR_,fund_inflection,-1.7385827473043685,-0.003482743446133921,-2.1761454906281084,-0.004370680680636826,-0.745775944339905,-0.001478992281947248,-1.414468532121737,-0.0028099390074859277,-0.30380434633299075,-0.0011756891484278297,0.2571716912663768,42.92000991784215,29.610542662455344,2.010538170653523,0.003932097935563514
quality_composite_secrel,BR_,sector_relative,2.8306605351303293,0.0037029394097916795,2.954175563691295,0.0038758821363896914,4.134880640959789,0.005333738105414638,2.5337957220543337,0.00321919742067725,-0.2965469891849102,-0.0005381212801569007,0.16704984187464256,33.61709857622173,12.471691728847855,7.115853902655723,0.009640954017201116
inflection_flow_trend,BR_,regime_gated,1.0068184612667717,0.0017541390445738763,0.7835149055448232,0.001386596744932163,1.36940409163657,0.0033354313472555965,1.1666473074845063,0.0028026108619879533,0.27347418816507557,0.0008322287685698536,0.3951707112049722,42.74934425288902,37.42113940021259,3.020042708255202,0.005366776762461186
quality_composite_ivw,BR_,weighted,1.2306398359028181,0.0013301958325167334,1.3887596633626196,0.0015049581973982026,3.398681232781286,0.004097784501088772,1.6363841340334044,0.0019593376285330665,0.4116490413203283,0.000809350184552695,0.1388783936917284,31.6217994820106,10.237330756453545,6.221318489770336,0.0068742648798279255
inflection_flow_large,BR_,combination,1.4101621071811268,0.002563156839128988,1.2515964349080493,0.00227307759260215,1.8835313054695406,0.003414033442102232,1.5458173445799503,0.002775777932880929,-0.5591341052323622,-0.0016519740929553963,0.3464674874701553,37.824611599063715,31.442056506850687,4.358610819204023,0.007975836147320739
div_mom_shorts_quality,BR_,diversified_combo,0.5973731757616423,0.0011919381523406933,0.736862054756133,0.0014800435652462525,0.5816146506270783,0.0011204698596125131,0.5429476353350356,0.0010389903095132686,-1.1772018841247984,-0.005209903918042737,0.44517694014948817,40.61761257706287,39.80281707607042,3.208317266454635,0.006439091189623559
div_lead_earn_mom,BR_,diversified_combo,2.345951966827333,0.005570961138297593,2.4080105898821773,0.00570620915630099,1.6712058352369776,0.004008566994587698,2.0540322894015017,0.004942973927307773,-0.33419354250066247,-0.0016013976063884343,0.5463480721496171,49.767019709446274,59.11108903664703,4.4278589926106715,0.010550410697470725
div_flow_covering_hi52,BR_,diversified_combo,1.4850787647470327,0.002050298390200687,2.0124209463445197,0.0027802624004593605,0.5871501771734405,0.0007950734688413302,1.3260156183882261,0.0017849713755776868,-2.684972817149662,-0.005958211864141905,0.7672728064501108,39.84596413548098,49.74494320284455,3.0622242555765307,0.004267932069812
div_accel_flow_mom,BR_,diversified_combo,0.6340420235276015,0.0017387677818919366,0.5090887376897147,0.0014073161040365687,0.6897980543935511,0.0018474071497272993,0.6671947005244715,0.0017673723472550527,-1.3812827021038496,-0.00661927486220321,0.41474180124364557,44.52764257342887,43.72729454870641,2.687644586945073,0.0074936441383795654
div_insider_earn_shorts,BR_,diversified_combo,1.4857321817761462,0.0033444199260462028,1.3074385079340343,0.0029185496251398417,1.4266375951858843,0.0031946902345287146,1.8468958465137437,0.004173250387902845,-0.21276038982856116,-0.0009416315067523844,0.6098478798280047,51.70068091008441,61.4862824438257,3.020934246299578,0.006853694067486868
div_skill_mom_quality,BR_,diversified_combo,-0.28430259507279365,-0.000615429677704959,-0.300244130278593,-0.0006534579237453473,-0.1818289166954114,-0.00040451878459593486,-0.34065755669139536,-0.0007571538225508737,-1.2503103920574223,-0.004584141628642981,0.3835356440603265,40.33191589986084,36.80556552031145,2.3781661978019253,0.005156144714557777
div_six_sources,BR_,diversified_combo,1.0738451569534164,0.0026452314326747975,1.1191488432851338,0.0027699519860653944,0.5801730071228278,0.0013834349824594693,0.7522659419470397,0.0018023840390427753,-1.358863372174971,-0.004863007025260042,0.5288242031181278,45.23941073956849,49.42890130540155,2.872087250984993,0.007146638297515575
inflection_mid_plus,BR_,inflection,-0.5252036844728395,-0.001184278267178335,-1.0104343661911819,-0.002282058555611519,0.011750010619837133,2.6366261285850057e-05,-0.6833816420733876,-0.0015402820736460264,-0.9893522175673735,-0.005091122529955048,0.21612441477361385,40.0811656494848,24.41468230016604,2.883953769472942,0.006430132767550407
inflection_fresh,BR_,earnings_event,-0.925844709361987,-0.002090306644700473,-1.5123352621282653,-0.0034302520754057506,-3.293701968757814,-0.007192631227291925,-0.9718737171942133,-0.002120577343420581,-1.6280685931923249,-0.008631072654259228,0.96561112205801,61.157005696928486,111.8775445356419,-1.3321098607368413,-0.00302278539879709
skilled_first_movers,BR_,analyst_skill,1.3057089706805574,0.0018394216968114553,1.4799504703175692,0.0020838497834566984,1.4791160707686228,0.002028025193418819,1.4766895422808293,0.0020123356134561544,-0.719491179262675,-0.0017341872067835173,0.5401263682696976,45.1195657785924,44.96266997896578,4.089862824220071,0.005779586691452851
pricing_power_unwatched,BR_,fund_inflection,-2.2956271373027946,-0.005129185388312732,-2.8519522506654154,-0.006409442547040143,-2.2585014681853766,-0.005026779611607011,-2.3245877505153074,-0.005205347626523258,-2.357270059237853,-0.012648141340258037,0.30907162718253267,40.871525941618074,39.08584579245563,0.9088764825606176,0.0020314802836487187
margin_turn,BR_,fund_inflection,-1.8955828141098359,-0.003734573839664363,-2.553172155061057,-0.0050768258013971605,-1.3443246086025498,-0.0027196169627260263,-1.8886364638221123,-0.003809782091048367,-1.1648213841743738,-0.0066427974070266994,0.26343479949926674,42.807032075781315,31.905380792557903,1.8310504829317964,0.0036046202904906374
revenue_turn,BR_,fund_inflection,-0.9716636945455702,-0.0021950566698422337,-1.3097178594630203,-0.002970694229852224,-0.6940987430143499,-0.0014442334250404142,-1.228831895737231,-0.002555941562144553,-1.819326512396395,-0.01218142688064854,0.27905077054654603,42.75350641501961,31.636425043978218,2.1946027993191466,0.004944729358294573
ibes_skill_net_raises,BR_,ibes_skill_weighted,2.1162554180377713,0.0036510811613534163,2.1207664500257146,0.0036671082867359268,2.628371111654818,0.004376494431131335,2.40040047801195,0.00397176995680011,-0.11298768395500174,-0.0002909223181515412,0.45622670573133933,39.266647892498284,35.21940314918605,4.420404342452918,0.007726369120757432
lottery_max_net_vol,BR_,lottery_net_vol,-0.16401539135828166,-0.00033998754627916,0.2687403811757905,0.0005669795640249973,-2.271735342603322,-0.004488568561055589,-0.16266339142376401,-0.0003232969759713564,-1.595663497137853,-0.007861421736706781,0.9746915321562329,58.33617222516406,99.98888807600639,0.3882431979206582,0.0008196564845586254
first_mover_leadership,BR_,analyst_leadership,-0.24673079571395545,-0.00040131884602133866,-0.2719406774213195,-0.00044086401703530336,-2.067884165575554,-0.003528441636281745,-0.5039151582876323,-0.0008522852443563006,-2.292453053298322,-0.008105827213415183,0.9510732398051738,50.40628106848727,77.16784498774173,-0.02498114331317541,-4.0507420318513464e-05
pricing_power_under_cost_pressure,BR_,pricing_power,0.3673186933865948,0.0011146378047308312,-0.23820101584957387,-0.0007272724209342011,0.040425838279003215,0.00014503140508415893,-0.20945012965770615,-0.0007510906911173612,-1.1564548837318749,-0.005745161304435892,0.2400528231781224,40.12511656732703,31.16389560531182,2.8793277481286834,0.008875353102434974
skilled_leader,BR_,analyst_leadership,0.7649467756135706,0.001314106759632712,0.7690350852776567,0.0013198669880587813,-0.8407990904753767,-0.0014347530069627457,0.45482640273224856,0.0007710279778073358,-1.263233972600857,-0.002264856844831771,0.880842342229744,43.271745060419136,65.32955490811995,1.287423843624597,0.002205211616980594
rd01_roic_growth_mom_insider,BR_,combination,0.12391903500139938,0.00021134255449150121,0.08896554808414893,0.00015298437587005234,0.4631344295461641,0.0008232147109783036,0.328442291148244,0.0005784337372736116,-1.0336816520970937,-0.0036898850947432275,0.43285416737935567,43.369362759377125,40.921553022330215,3.268991678110875,0.005505266065648084
friday_ear_drift,BR_,earnings_event,-1.4184465721338455,-0.0019542645667339578,-1.328876076361155,-0.0018308940556417135,-1.0234953831067455,-0.0013440761705233516,-1.3129228962864545,-0.001737462720940623,-0.713604009960424,-0.0027960244975615382,0.42078004734899044,42.56425872404613,38.63039321987342,2.400489858464715,0.0032703199496098632
monday_ear_drift,BR_,earnings_event,0.015374592533882646,2.6456825677534105e-05,0.1262202790877459,0.00021856310068921506,0.01264664935366763,2.190436004047205e-05,0.036490382417818774,6.286681206868373e-05,-1.8220348402239188,-0.007764915005523495,0.4351050029834308,47.637482253741844,48.04710677402396,3.6288064703936147,0.006200642017724035
cascade_entry_timing,BR_,revision_flow,3.538349618635474,0.00527149675298638,3.614187082572565,0.005402865435019151,1.2402842739524362,0.001768619442078038,3.5469907847666455,0.0050949602823649204,-1.2251862549926489,-0.0031538685371033776,0.9929069374000249,52.83963343778313,86.10304184065194,3.654823067398311,0.005464633907725446
inst_breadth_up,BR_,institutional_breadth,-1.0382741607173709,-0.0025247566370086676,-1.8320552452953416,-0.004454598556996818,-0.8212051089947059,-0.002438665157629424,-1.061058773864959,-0.003163068242312714,-2.603763319180435,-0.013157963244018708,0.3495402764571782,55.33265668288017,48.08862583604726,1.8011276095195363,0.004331383289132057
inst_breadth_up_21_40,BR_,institutional_breadth,-1.3353963285935506,-0.002587756194511586,-2.037982204389911,-0.003975520899927147,-0.7724660505360069,-0.0019591347412266113,-1.076182070082763,-0.00273393782761977,-1.3939756105306202,-0.005650735313809712,0.3594979662500662,54.43782067041922,46.689789806487624,2.2377034782057033,0.004276062868632984
rd_intensity,BR_,intangibles,2.1624327630046984,0.007773698571208527,1.3505728212016945,0.0048651798872662725,2.8437069587820654,0.010386206019195704,2.1480642073411005,0.007769911063494582,1.4453049721266018,0.011746379490997471,0.12171553178273427,45.16409169406081,19.0011421370496,4.8049085716531055,0.017646993164931533
org_capital,BR_,intangibles,-1.2808370676611889,-0.002836762605449007,-1.6520071578005748,-0.0036347899743903967,0.6352823067704131,0.001497202003126713,-0.535696741404154,-0.0012636186936574912,1.6585645644252769,0.006415259435815728,0.09197142370384526,40.11436338807356,12.506156420231518,2.7238101103130568,0.006041649431449525
distance_to_default_rising,BR_,credit_risk,-1.295635156572345,-0.0027365127416440565,-1.4714452664410729,-0.0030992947338727697,-3.667149728805827,-0.007346281399787386,-1.6116409186698526,-0.0032694392827723523,-1.7804115314633366,-0.007483274705669764,0.9572553130175504,56.093864194837565,96.86228536498791,-1.2605614320138805,-0.002659503604647213
distance_to_default_rising_21_40,BR_,credit_risk,-1.3108465987202773,-0.0020742409076394937,-1.3285631469406558,-0.00208784612029857,-3.243843055988734,-0.004992156593613829,-0.7537662778745223,-0.0011771234525749115,-2.7925567132256965,-0.008936234000392505,0.9773009874948487,54.12343842309211,92.27376983348125,-1.1924417086484922,-0.0018748869161161921
distance_to_default_rising_in_stress,BR_,credit_risk,-0.23949707999497022,-0.00034079349329092215,-0.295587171144439,-0.00041938303114267823,-1.0755811828647208,-0.0042043715840522165,-0.26884730921572825,-0.0010601482031581543,-0.8903399824002698,-0.0021427407577463984,0.8129295657506511,68.05778206102542,99.50001586996602,0.2588586210693069,0.0003687779343697445
qc241_value_composite_small_annual,BR_,value,1.4160885906132032,0.0022610271210818595,1.4670439523943737,0.002352626961526087,3.011442486385429,0.004948353762594123,1.6774921641823637,0.002752390423401155,0.6222493168304901,0.004744132146226772,0.09750319793022087,31.711335901471706,9.751702509542024,6.1050926338453015,0.009892812437761401
qc761_ebit_ev_ebit_ic_large_annual,BR_,value,1.8199759179280564,0.0025299254407361296,2.020596894149785,0.002801171033487234,2.90407148693643,0.0038493889988221864,1.509843146291489,0.0019730780900409535,2.3384328202361617,0.004548647228110928,0.07080485814589635,24.505511490724846,5.742402402912518,6.632768624494297,0.00956668222659964
skill_mom_ranks_21_40,BR_,diagnostic_control,-0.0762988490724639,-0.00016470913365855327,-0.17105944252139907,-0.0003728602370369511,-1.3362674801481405,-0.0028224901187311542,-0.05761325895843272,-0.00012169136409820865,-1.7692991065196584,-0.006200194498616893,0.75722326853951,44.59405621390163,71.60204376023108,0.8716609559167267,0.001893688573205297
unskilled_mom,BR_,diagnostic_control,2.482372699895026,0.00651709084486397,2.1024163760370596,0.005557832754042446,2.270910340277517,0.005906896902244541,2.5399130260578255,0.006595670623074204,-0.22456733917984628,-0.0009102029092193258,0.4942490957838097,46.49449058623002,53.38222779452665,4.199508166798136,0.011060412125381145
