month,n_names,ic,ls_gross,long_excess,long_raw,mkt,top_names,bot_names,era,cost_house,ls_net_house,cost_stress,ls_net_stress
2018-01,66,-0.18674654782927053,-0.09098141574040883,-0.03745463381122402,0.06674899834997505,-0.03116975020661894,93096|27828|85390|25320|85914|15058|87337|32870,77462|13323|14803|13181|63715|77357|15643|84519,E1,0.0012,-0.09218141574040883,0.005,-0.09598141574040883
2018-02,65,-0.019973776223776225,0.04402803053930201,0.10031299111205431,0.004777964511363022,-0.0007720899839567252,10220|83976|14603|16304|32870|13181|88790|84519,50948|13527|51369|93096|16968|87430|24441|14803,E1,0.0019384615384615386,0.04208956900084047,0.008076923076923077,0.03595110746237893
2018-03,72,-0.13708277059617982,-0.05657011248482212,0.01747777083239871,0.08099031382693081,-0.015092835877548061,16649|77175|14141|12008|88790|87337|13511|16076,14803|77462|15707|13181|15535|92635|81481|10220,E1,0.0018857142857142857,-0.0584558267705364,0.007857142857142858,-0.06442725534196497
2018-04,60,-0.11392053348152267,0.010667345897082015,0.043638043205793266,-0.0021361601092405127,0.02627882955564753,85631|92471|90215|86580|21055|80320|15145|15707,77462|13181|86594|16304|16968|92203|14803|87432,E1,0.0021,0.008567345897082015,0.00875,0.0019173458970820137
2018-05,72,-0.13949450125409996,-0.04393048262961742,0.00852036850704022,0.04163996302518254,0.024069324032785833,13323|32678|14803|61313|87337|78975|14141|15058,10866|14609|32651|60580|16968|12008|51369|83976,E1,0.0018,-0.045730482629617424,0.0075,-0.05143048262961742
2018-06,70,0.14226226926778057,0.019043170218211433,0.02262735656547112,0.059442356647281744,0.010305460682916712,83822|13181|76839|64785|15707|83011|14231|27828,77462|10866|32870|80320|87430|14803|79881|87337,E1,0.0021428571428571425,0.016900313075354292,0.008928571428571428,0.010114598789640005
2018-07,67,0.02055231862079975,0.01829326076725453,0.003200511258049441,-0.02849855151052283,0.01760750518423504,32651|21055|13527|15535|50948|85390|14970|32870,15145|92322|87337|77357|17685|84519|87430|12873,E1,0.0020307692307692305,0.016262491536485298,0.008461538461538461,0.009831722305716068
2018-08,74,0.025783043317289887,0.02654452199754223,0.08190114179001454,-0.04278991358654148,0.020937931185347924,15145|90215|16304|85631|14970|78975|16188|21055,51369|61313|80320|13628|17341|14803|88790|10866,E1,0.0019714285714285715,0.02457309342611366,0.008214285714285714,0.018330236283256515
2018-09,77,-0.10125467463462444,-0.0252916703385857,-0.032551153204281875,0.012325592653699627,-0.06428818437340578,17821|17341|25320|32651|93096|76839|77699|27828,87430|85914|83822|15707|51369|77462|83976|14040,E1,0.0020800000000000003,-0.027371670338585702,0.008666666666666668,-0.033958337005252366
2018-10,71,0.06291079812206572,0.027924300262509257,0.0406055852591616,-0.12215320675679334,-0.02894020125742669,12008|14231|51369|75905|16304|92294|88790|42585,83011|77462|64785|77175|18973|15058|87430|17821,E1,0.002057142857142857,0.0258671574053664,0.008571428571428572,0.019352871691080686
2018-11,74,0.07186967789707514,-0.007475587448723865,-0.0023580268363322466,-0.022437612657455457,-0.08711409193637987,17949|92322|14141|13323|83822|84519|91611|24441,32651|14603|87430|17821|16188|18973|93096|77462,E1,0.0018857142857142861,-0.009361301734438152,0.007857142857142858,-0.015332730305866724
2018-12,71,0.06173708920187793,0.03427770279280974,0.06952915836196462,-0.10944326200199307,0.10424708080215872,78975|21055|14603|14231|12008|14141|13628|64785,15643|83822|14182|77357|15058|81481|17685|86489,E1,0.0019714285714285715,0.03230627422138117,0.008214285714285714,0.026063417078524026
2019-01,66,0.18232107631800232,0.05915299164139241,0.062033825738210736,0.14775071191182487,0.0475672998196639,84519|13527|14970|16649|32870|16304|14434|87430,76839|12873|92322|16076|14141|93002|13323|92203,E1,0.0019384615384615386,0.05721453010293087,0.008076923076923077,0.051076068564469335
2019-02,71,0.1097622321955959,0.04061798555732202,0.015841477864589455,0.1274656448484302,0.019367718096375608,14970|60580|77357|63715|78975|17685|14040|83822,14434|85390|84519|92203|77606|15643|12008|15535,E1,0.0018,0.038817985557322014,0.0075,0.03311798555732202
2019-03,71,0.00647216633132126,0.016491550061981695,0.004758601593144507,0.06844540415583548,0.029877226391264333,14544|15643|27828|16188|61241|61313|14040|87337,51369|14970|14231|25320|50948|32651|76839|86594,E1,0.0020571428571428568,0.014434407204838838,0.00857142857142857,0.007920121490553125
2019-04,60,-0.037010280633509314,0.02934931374148588,-0.029381758159328863,0.013852424334241775,-0.013829388715660973,27828|10866|77462|16188|25320|16304|17821|76839,14609|84519|64785|78975|81481|14141|93002|51369,E1,0.002,0.02734931374148588,0.008333333333333335,0.021015980408152547
2019-05,78,0.10269477358084952,-0.0267894832073845,0.06018458293001486,0.01902076190892008,0.019953899390010132,13527|80320|15058|18484|17821|77357|32678|61313,17949|24441|90215|32651|16064|12008|15535|83011,E1,0.002,-0.028789483207384503,0.008333333333333335,-0.03512281654071783
2019-06,72,0.12862563508907326,0.029259653479169423,0.02892197113280207,0.06204715047152419,0.02049439243732576,14803|86580|77357|15643|91611|78975|13511|32651,15058|92635|75905|93096|12008|77175|16076|87337,E1,0.002057142857142857,0.027202510622026565,0.008571428571428572,0.020688224907740853
2019-07,69,0.12060650347095361,0.03947706442486518,-0.03171341989679967,0.010610286845168439,-0.022241082550469082,83011|17821|50948|93096|17341|92294|78975|14141,25320|15643|32651|42585|16188|84519|86489|85390,E1,0.0020307692307692305,0.037446295194095945,0.008461538461538461,0.031015525963326716
2019-08,81,0.00508130081300813,0.035945454883645055,0.040309953276674124,-0.12559843596954484,0.04205682347849171,10220|17949|84519|13511|86489|14141|24441|10866,93002|91611|32651|42585|32870|50948|14609|15535,E1,0.001575,0.034370454883645055,0.0065625,0.029382954883645056
2019-09,81,-0.03552393857271906,-0.03812078756078041,-0.005608522642226707,-0.005634486436403241,0.002616330407219536,18973|14603|63715|16188|10866|17949|51369|82598,12008|86489|76839|13527|16064|15535|15058|87337,E1,0.001875,-0.03999578756078041,0.0078125,-0.04593328756078041
2019-10,68,0.07863495820132074,-0.0018258425594699628,-0.012876748846296774,-0.011293095794264168,0.04896565900616667,25320|16188|92203|14141|15707|83011|60580|16304,84519|42585|32651|15145|14231|14040|87430|85390,E1,0.0023076923076923075,-0.00413353486716227,0.009615384615384616,-0.011441227174854579
2019-11,78,0.10732305669014529,0.031100605659084013,0.02691910208287659,0.041691997632676406,0.027755391879296765,27828|87432|16076|14609|75905|17341|17821|25320,76279|15535|14434|77462|13323|86594|87430|13527,E1,0.0016,0.029500605659084012,0.006666666666666665,0.02443393899241735
2019-12,76,-0.10176419524636393,-0.035696926444755556,0.08054450425665496,0.05966137591971341,0.03325948304366011,51369|15058|18267|16649|87432|13527|32870|10220,78975|81481|18484|42585|14182|18726|86594|13181,E1,0.0018399999999999998,-0.03753692644475556,0.007666666666666665,-0.043363593111422225
2020-01,77,-0.035938218866069044,-0.05887198755496611,-0.005647359064216858,0.051397299185864685,0.02136179030057539,60580|90215|14603|83011|13181|87432|10866|16649,77462|16304|14434|21055|18726|14231|82598|14544,E1,0.0019200000000000003,-0.060791987554966107,0.008,-0.06687198755496611
2020-02,74,0.05969640873750461,-0.0625461910421485,-0.037114009686774745,0.013518489675071172,-0.3330904271733127,14803|79881|16076|93096|92471|15145|84519|81481,63715|13527|76839|77462|87430|18267|13511|82598,E1,0.0023142857142857145,-0.06486047675643421,0.009642857142857144,-0.07218904818500564
2020-03,88,-0.19898118673886434,-0.03378832116445615,0.02496623524896451,-0.3301822137869228,0.19108051427019856,16064|17949|14603|77357|32870|27828|14970|64785,92294|77462|32651|85914|24441|75905|53613|50948,E1,0.0017647058823529412,-0.03555302704680909,0.007352941176470588,-0.04114126234092674
2020-04,76,0.019412299469349376,-0.03916328027799797,0.060102976002301994,0.31718182129020867,0.04371202821408038,16304|13628|17821|25320|15535|80320|14603|15145,92635|13323|76279|86594|79881|81481|16076|14182,E1,0.0017599999999999998,-0.040923280277997964,0.007333333333333333,-0.0464966136113313
2020-05,78,0.01576904108549678,-0.02365020822718976,0.10148813569051456,0.18098470379257062,0.09875095350915464,14434|14970|14231|75905|16304|85631|92203|32678,76279|16188|42585|87337|24441|14603|87430|84519,E1,0.0017599999999999998,-0.02541020822718976,0.007333333333333333,-0.030983541560523093
2020-06,78,0.024393328190796544,-0.02405101241948106,0.008153169553748622,0.11726873832721027,0.05700526332053091,16188|51369|87430|17821|16076|85390|32678|83011,78975|13511|85914|24441|10220|21055|79881|18973,E1,0.0018399999999999998,-0.025891012419481062,0.007666666666666665,-0.031717679086147726
2020-07,64,0.034249084249084245,0.013627307001985101,0.017952257018749446,0.0353072500092386,0.05408342850278025,86580|86489|14141|32870|17341|86594|16188|83011,79881|17821|42585|27828|93002|15707|32678|92322,E1,0.0021,0.011527307001985102,0.00875,0.0048773070019851004
2020-08,73,-0.07565099345921265,0.005599585981163099,0.07083198434086607,0.075641386861427,-0.02010445381501136,14970|17685|14141|82598|87432|18726|83976|77357,53613|16064|16649|63715|42585|24441|77462|77175,E1,0.0018,0.0037995859811630994,0.0075,-0.0019004140188369004
2020-09,78,-0.02105489447261599,0.014569495916736582,-0.007147618089593492,0.08934193782927974,0.042341177407175135,17341|14141|83822|16968|16064|10866|14609|14603,81481|51369|17821|12008|42585|79881|15535|92322,E1,0.00176,0.012809495916736583,0.007333333333333334,0.007236162583403248
2020-10,75,0.00790896159317212,-0.0033699021471306975,0.0380937983641963,0.048245615644125994,0.04183415371748267,64785|79881|15707|93096|12008|61313|32870|32678,16304|83976|85631|14544|83011|13181|85914|93002,E1,0.0019200000000000003,-0.005289902147130697,0.008,-0.011369902147130698
2020-11,87,0.04177317276585594,0.04068952230501685,0.18774913419740824,0.11127822443585465,0.059118418289771046,16064|27828|14434|16076|14970|85631|77606|15058,14609|75905|17949|53613|93002|92471|42585|15707,E1,0.0019058823529411767,0.03878363995207568,0.007941176470588236,0.032748345834428615
2020-12,88,-0.11496601035539433,-0.03159097135382891,0.033963560942242364,0.1721307843900767,0.04555534679157347,10220|13628|61313|15707|16649|78975|85631|13323,77175|77462|61241|14970|76279|15535|14434|83822,E1,0.0019058823529411765,-0.03349685370677009,0.007941176470588234,-0.03953214782441715
2021-01,85,-0.1406683603674028,-0.029939945644528346,0.0008802700452440013,0.10271920629914515,0.05042605551740609,32870|15707|90215|19228|78975|93096|14970|13628,60580|87432|85390|86594|21055|50948|83976|19196,E2,0.0019058823529411767,-0.031845827997469524,0.007941176470588236,-0.037881122115116586
2021-02,92,-0.2469676186366228,-0.09780036878891668,-0.035708780912419885,0.021566991939599624,-0.003114581792225457,14434|93096|25320|14803|17685|90215|19416|18973,92294|79881|21055|83822|17821|83011|15707|92322,E2,0.0016666666666666663,-0.09946703545558334,0.006944444444444444,-0.10474481323336113
2021-03,95,0.14893617021276595,0.05400737171275086,-0.03460263939597069,-0.03873762580810045,0.04100090347340424,84519|78975|90215|10866|18835|87432|85914|86580,86594|18973|86489|18267|19416|32651|63715|82598,E2,0.0019578947368421055,0.052049476975908754,0.008157894736842107,0.04584947697590875
2021-04,86,-0.1302985989905184,-0.00506019830169285,-0.031154441474494546,-0.03376023789790336,-0.014671797375482853,15058|87430|14803|14970|17685|19228|78975|20341,20347|10866|85631|21055|42585|92635|20058|25320,E2,0.002047058823529412,-0.007107257125222262,0.008529411764705883,-0.013589610066398732
2021-05,99,0.06596165739022881,0.011491544996918585,0.029810202031956678,-0.01112963798199315,0.029305990212818767,13181|14803|20341|15707|18973|19196|16649|63715,76839|82598|92635|14603|12008|21055|86489|86233,E2,0.0016421052631578948,0.00984943973376069,0.006842105263157894,0.004649439733760691
2021-06,103,0.013761367130870271,0.05363479393490066,0.005642525309207913,0.05358604829901413,0.02942967668741936,84519|15058|14803|77175|15643|16064|77699|83976,32651|16188|80320|14434|92294|78975|32678|87432,E2,0.00186,0.051774793934900656,0.00775,0.04588479393490066
2021-07,97,-0.15200925731117187,-0.03045290131189204,-0.004596159103857934,-0.06631494327321778,0.033765282156337895,50948|86594|85631|79881|16968|87430|15707|83822,32678|80320|78975|88360|27828|87432|16304|42585,E2,0.0018315789473684213,-0.032284480259260465,0.0076315789473684215,-0.038084480259260464
2021-08,101,-0.1997670355270821,-0.09213106901408297,-0.04440439723805163,-0.00772783908752987,-0.011477517050457742,15535|16064|32678|32651|85914|10220|21604|90215,84519|13181|14609|76839|24441|14231|19599|13527,E2,0.0018,-0.09393106901408296,0.0075,-0.09963106901408297
2021-09,100,-0.20578457845784576,-0.04938268223687015,-0.0378592260129369,0.01825829132855128,0.013145480017071609,20972|16076|19416|16649|19228|16304|21055|21604,14609|83011|92635|86233|84519|17821|64785|83822,E2,0.0019200000000000003,-0.05130268223687015,0.008,-0.05738268223687015
2021-10,97,0.05612244897959183,-0.004736784537202429,0.04316957904500879,0.012409520910505588,0.04874088917423336,50948|15058|19228|14803|93002|17341|13628|16649,17821|15145|92471|87430|14141|83011|20341|14434,E2,0.001768421052631579,-0.006505205589834008,0.00736842105263158,-0.012105205589834009
2021-11,97,-0.004931096149800126,0.05966361202331022,-0.06582157377483508,0.0897909747534092,-0.025944251156275966,86580|32870|17821|78975|87432|14970|92294|93002,14141|10220|16188|20347|83011|20341|18973|16968,E2,0.0017684210526315788,0.05789519097067864,0.007368421052631578,0.05229519097067864
2021-12,99,-0.03626468769325912,-0.03501385744279162,-0.10058681616530092,-0.14536155513798116,-0.02878528237056277,90215|19654|15145|76839|77462|61241|87337|75905,19416|19599|17821|16188|77606|83822|64785|80320,E2,0.001957894736842105,-0.03697175217963372,0.008157894736842105,-0.043171752179633725
2022-01,100,0.07708370837083708,-0.029707118698669016,-0.021535400044853152,-0.13198158642631974,-0.01710741608371147,92322|42585|13181|22084|21055|90215|15058|93002,76279|86594|14603|19433|32870|19416|12008|15145,E2,0.0019200000000000003,-0.031627118698669014,0.008,-0.037707118698669016
2022-02,100,0.011809322644986605,-0.011614886476677848,0.06220171195292571,-0.015806071824964386,0.038714607783985944,90215|27828|82598|18267|88360|19599|14141|79881,21281|22425|16304|16968|92294|20357|13181|16649,E2,0.0019799999999999996,-0.013594886476677847,0.00825,-0.019864886476677848
2022-03,109,0.24916133815216387,0.11722140925348999,0.005610856179151262,0.01741398360793775,-0.004247592561079538,14141|15535|84519|14609|22425|14803|10866|83011,21754|87430|92635|22088|77357|17821|14603|76279,E2,0.0018857142857142857,0.11533569496777571,0.007857142857142858,0.10936426639634714
2022-04,96,-0.05465274009766685,-0.018735418592394013,-0.07578351044612158,-0.008261204270044018,-0.07665528481351269,13511|18726|77699|53613|20339|78975|19599|14970,86594|20972|13181|19228|15058|14803|82598|17949,E2,0.0022736842105263158,-0.02100910280292033,0.009473684210526316,-0.028209102802920327
2022-05,108,-0.09009498223251117,-0.06162623479541199,0.017128363762415545,-0.14413746399050273,-0.03626276592382838,86233|17821|19599|20058|21055|27828|61313|15058,92294|87430|50948|77699|51369|20312|16968|82598,E2,0.002,-0.06362623479541199,0.008333333333333333,-0.06995956812874532
2022-06,112,0.015401305224314073,-0.022307590027574046,-0.004104450927331507,0.03539963705825171,0.08483834424246317,92635|14544|16188|14231|76839|77357|87432|14803,18267|63715|21604|14970|50948|20357|79881|87337,E2,0.0018545454545454546,-0.024162135482119502,0.007727272727272727,-0.03003486275484677
2022-07,107,-0.0011363859009776837,0.05860461015691325,0.13195784068956243,0.07166287312617703,0.12207877330250438,19599|15535|80320|87430|88360|19433|18835|86233,83822|16076|76839|21754|16649|15145|13181|20312,E2,0.0017714285714285716,0.05683318158548468,0.007380952380952381,0.051223657775960864
2022-08,110,0.204814823163447,0.09402853967704392,-0.017059038119836764,0.08371898860279614,-0.08364409256011973,32651|15643|16076|77175|20058|92203|63715|83011,82924|22084|13181|21055|87430|17685|21007|14544,E2,0.0017454545454545453,0.09228308513158937,0.007272727272727274,0.08675581240431664
2022-09,110,0.09211730496134166,0.0020230376763699376,-0.052604056603587065,-0.11427124978260984,-0.048415150025894915,13323|86489|92635|85914|13628|13511|19433|21754,20325|14434|20341|16076|14603|83976|51369|81481,E2,0.0018,0.00022303767636993764,0.0075,-0.005476962323630062
2022-10,101,-0.05671520093185789,-0.0015155925247937532,-0.057414053164384936,-0.040411251900527245,0.04817138591626535,87337|77357|87432|84519|19196|93096|19433|19416,13628|20312|20325|21604|15058|82924|17685|81481,E2,0.0020399999999999997,-0.003555592524793753,0.0085,-0.010015592524793754
2022-11,112,-0.08095295042197696,-0.021706278611981062,-0.03193775820112111,0.07265143512416174,-0.038317665942930734,23352|83976|19228|19433|14544|13323|10220|92322,63715|20325|32651|21007|92294|51369|19928|15145,E2,0.0018545454545454546,-0.023560824066526518,0.007727272727272727,-0.029433551339253787
2022-12,112,-0.11665869409232242,-0.06604282635740913,0.006308870314997616,-0.004932443937292429,0.016168348300740876,21090|18973|20341|23352|88360|22425|61241|16076,21754|80320|23263|14970|51369|14603|19928|14182,E2,0.0019636363636363636,-0.06800646272104549,0.008181818181818182,-0.07422464453922731
2023-01,100,0.04993699369936992,0.014019510380956168,0.014841486506263935,0.08179579404629625,0.011114883537295395,22088|88360|93096|14970|87430|27828|42585|32870,18973|20058|21754|21007|21090|23263|76839|22084,E3,0.00186,0.012159510380956168,0.00775,0.006269510380956168
2023-02,102,-0.01527274372211636,-0.03106521324836517,-0.08172729080604643,0.09682543457963139,-0.024197236177003645,85631|78975|83011|81481|21604|19196|79881|19433,13181|12008|20876|15707|20058|32870|21281|21090,E3,0.0018,-0.03286521324836517,0.0075,-0.03856521324836517
2023-03,115,0.10961098398169337,0.06157515063953797,0.011890886786246401,-0.07097293774393519,0.06034884710784416,88360|15058|10220|18726|83822|78975|21415|92322,21754|86489|16188|20312|21090|19196|61313|64282,E3,0.001565217391304348,0.06000993324823362,0.006521739130434783,0.05505341150910319
2023-04,102,-0.2359217646493376,-0.14687271694161896,-0.049739375413981005,0.018763649411364287,0.01596004025062947,83011|32870|85390|86594|16188|88360|64785|19599,24441|21007|21754|83976|21281|20312|20972|77175,E3,0.0016200000000000003,-0.14849271694161897,0.00675,-0.15362271694161897
2023-05,116,0.12828970130319456,-0.08210167983582675,0.07850006252427205,-0.0029441345683094036,0.04610780669492609,93002|21604|90215|78975|92322|77606|22088|21415,14603|50948|20312|14803|21754|12008|21007|16188,E3,0.0015130434782608694,-0.08361472331408762,0.006304347826086957,-0.0884060276619137
2023-06,110,-0.06700628902463764,-0.10298355705701807,0.014912736780580572,0.1127996053317272,0.04076279934012028,90215|14803|18726|20325|77175|85631|10220|82598,21007|12008|24441|19228|20312|15643|21754|21281,E3,0.0014727272727272727,-0.10445628432974535,0.006136363636363637,-0.10911992069338171
2023-07,99,0.12948670377241805,0.0012720270538917576,0.02126484517853706,0.023271989032251795,-0.0311137431530496,16968|92203|93096|18726|80320|18267|32651|16649,32870|21754|20058|12008|21007|10220|13181|83011,E3,0.001768421052631579,-0.0004963939987398215,0.00736842105263158,-0.006096393998739822
2023-08,111,0.19355036855036853,0.06490963707802505,0.03125949383790478,-0.0771862338493645,0.016116321079302498,90215|20972|14231|92322|78975|32651|85631|13628,21090|86233|16076|21754|76279|13181|21007|20312,E3,0.0015272727272727276,0.06338236435075233,0.006363636363636365,0.05854600071438869
2023-09,111,0.10565988065988065,-0.11946037296563239,-0.007722337476747271,0.025980180790096615,-0.019203725580109743,92203|20357|22084|14970|20347|77357|21415|16076,19433|19196|16188|20312|76839|23263|32870|20325,E3,0.001690909090909091,-0.12115128205654148,0.007045454545454546,-0.12650582751108694
2023-10,100,0.19109510951095107,-0.08828907382001806,0.04713911386752408,0.0052581263414534065,0.0774825025312964,77462|83011|53613|17949|80320|87430|93002|16968,23263|21007|19928|21754|19433|20312|19196|22084,E3,0.0018,-0.09008907382001806,0.0075,-0.09578907382001806
2023-11,109,0.039514410156611994,-0.00929775758437612,0.13230328557041202,0.056390603339957775,0.06605940866287274,87432|19654|93096|21604|77357|16968|83822|20347,61313|20312|19228|21754|16188|21090|42585|18973,E3,0.0015428571428571427,-0.010840614727233263,0.006428571428571428,-0.01572632901294755
2023-12,100,0.09546983339326916,0.03209180231727461,-0.0020214014177513786,0.12351984600526777,0.010213126686581031,18726|81481|23681|14803|92322|91611|88360|17341,19196|82924|23352|23263|21754|20312|16304|21090,E3,0.0015,0.03059180231727461,0.00625,0.025841802317274613
2024-01,110,-0.1504361742893853,-0.16032025271775016,-0.0075919274598543855,0.00010473637542244488,0.03148675092617337,15145|32870|14970|17341|13323|16076|87430|18267,64785|82924|20058|17821|20347|14544|42585|20312,E3,0.0016363636363636363,-0.1619566163541138,0.006818181818181817,-0.16713843453593197
2024-02,109,-0.05287739783152628,-0.10102087417221636,-0.04387365220737483,0.12433676114846236,0.03160091553070554,78975|82924|15058|15535|32678|77357|92203|14970,16076|12008|21007|61313|20325|16188|86233|23263,E3,0.002,-0.10302087417221636,0.008333333333333335,-0.1093542075055497
2024-03,112,0.11638534868623365,0.0070664358842178875,0.0021158326855311815,-0.03662696648568988,-0.011792635203027535,42585|85631|17341|14231|16188|92294|87337|23681,15058|76839|60580|92635|92471|21281|16064|23352,E3,0.0020181818181818183,0.005048254066036069,0.00840909090909091,-0.001342655024873022
2024-04,110,-0.09303699028469671,-0.05285936377663864,0.00012041655873065463,-0.04328619833619112,0.07219686077321974,42585|17341|77606|87432|20325|19228|15535|93096,63715|21604|14434|32870|19416|15145|86489|15058,E3,0.0016363636363636368,-0.05449572741300228,0.006818181818181819,-0.05967754559482046
2024-05,114,0.1435410380510723,0.05966453241010164,-0.016080814563439186,0.07343036423775376,0.027874360465603987,19851|77699|93002|22088|77357|92322|18726|83011,86489|19228|76279|19196|21090|15058|16188|20930,E3,0.001581818181818182,0.058082714228283455,0.006590909090909092,0.05307362331919255
2024-06,116,-0.0752008611079076,-0.035164866877887196,0.052940660698238454,-0.03532623191342504,0.02339871076628719,19928|15145|14803|15643|64785|83976|20876|14182,92635|21619|24822|21281|24441|92294|86233|21754,E3,0.001826086956521739,-0.03699095383440894,0.007608695652173914,-0.04277356253006111
2024-07,109,-0.02786124516096153,-0.03781503678300788,-0.05092149730980002,0.10520566286661281,0.017594007739544226,77606|20930|19416|14182|78975|15535|77175|85914,92635|82924|14434|63715|42585|12008|86489|75905,E3,0.0017142857142857142,-0.039529322497293594,0.007142857142857143,-0.04495789392586502
2024-08,116,0.03245300426709722,-0.003933834629699307,0.03048271951156503,-0.011473415732736265,0.016763983256230297,19599|77357|21415|88360|90215|15643|14182|18267,21090|14434|61313|86233|16076|77175|16188|87430,E3,0.0016695652173913042,-0.005603399847090611,0.006956521739130434,-0.010890356368829741
2024-09,117,-0.050480300918641065,-0.18297279912822295,-0.0017053428256511717,0.018847610625670037,0.027818448375443117,13628|86489|22425|19599|22088|20312|19433|16304,21754|60580|14603|76279|32870|24822|76839|14434,E3,0.0017217391304347829,-0.18469453825865773,0.007173913043478262,-0.1901467121717012
2024-10,114,0.13377209858042569,-0.08257166999692508,-0.0003937570546473267,0.05739241237325867,0.012157890239509639,42585|14141|22425|20972|16076|50948|14970|80320,21055|14609|14434|20312|21007|12008|17949|86489,E3,0.002018181818181818,-0.0845898518151069,0.008409090909090908,-0.09098076090601599
2024-11,115,0.13643178410794604,0.03914303912564821,0.081925939703259,-0.007966124325006313,0.03640730904931977,83011|14970|17341|22425|87337|14141|81481|92203,92471|21604|12008|76279|24441|20312|42585|19851,E3,0.0016173913043478266,0.037525647821300384,0.0067391304347826095,0.0324039086908656
