date,month,n,n_tradable,ic_EMBED,gross_EMBED,ic_TFIDF,gross_TFIDF,ic_SHUFFLE,gross_SHUFFLE,ic_NOTEXT,gross_NOTEXT,turnover_EMBED,net_EMBED,turnover_TFIDF,net_TFIDF,turnover_SHUFFLE,net_SHUFFLE,turnover_NOTEXT,net_NOTEXT
2025-08-01,2025-08,372,364,-0.019872835665542054,-0.004379230349286537,-0.03193452990186376,0.006405919833849848,-0.0411088262708325,-0.0014826188564553235,-0.14671903729545382,-0.021059549446171784,1.0,-0.006879230349286537,1.0,0.003905919833849848,1.0,-0.003982618856455324,1.0,-0.023559549446171783
2025-08-04,2025-08,396,387,0.06317189161198779,0.004123323658609281,0.04149096564615048,0.007543358379931645,0.06441826504171899,-0.002116517904203171,-0.1895622952554308,-0.013989788953118571,1.8717948717948718,-0.0005561635208778991,1.8717948717948718,0.0028638712004444653,1.923076923076923,-0.006924210211895479,1.282051282051282,-0.017194917158246777
2025-08-05,2025-08,473,454,-0.07899918515322513,-0.01490629070391172,-0.059522068784920626,-0.011250554671597024,-0.012139559347058996,-0.004224465697800822,-0.11422804241417431,-0.009396736295607569,1.8222222222222222,-0.019461846259467275,1.9111111111111112,-0.0160283324493748,1.9555555555555555,-0.009113354586689711,1.3111111111111111,-0.012674514073385348
2025-08-06,2025-08,581,559,-0.082940707789515,-0.02291201655870196,-0.06476392067926964,-0.01500058297319954,0.06161421442371616,0.017162287590303884,0.010038865686281755,0.004220928521894156,1.8392857142857142,-0.027510230844416245,1.8928571428571428,-0.0197327258303424,2.0,0.012162287590303883,1.2857142857142858,0.0010066428076084414
2025-08-07,2025-08,589,550,0.006494835330166448,0.002165693737791561,-0.04895193552220788,-0.0014009428764227899,-0.010475137811365649,0.004143487578233877,0.03385854701582512,0.007973712733132476,1.7678571428571428,-0.002253949119351296,1.7857142857142856,-0.005865228590708504,1.9107142857142856,-0.0006332981360518365,1.3928571428571428,0.0044915698759896185
2025-08-08,2025-08,366,353,0.0606351219573188,0.0007144848360254204,-0.021457685057920013,-0.00962203077787269,-0.006106655923307959,-0.016196137698906286,-0.1478532979328145,-0.01139041922193999,1.9454545454545453,-0.004149151527610943,1.8727272727272726,-0.014303848959690871,1.9636363636363636,-0.021105228607997194,1.490909090909091,-0.015117691949212718
2025-08-11,2025-08,398,376,-0.08171516713004229,-0.009620798378602793,0.029209258667288775,0.0024348570663692854,9.421940625693223e-05,0.009980019812111487,0.039543755764093316,0.01180829839079742,1.9210526315789473,-0.014423429957550162,1.9210526315789473,-0.002367774512578083,1.894736842105263,0.00524317770684833,1.3421052631578947,0.008453035232902684
2025-08-12,2025-08,266,252,0.016109488980523314,-0.0050282010061063875,0.043038243620595946,-0.007724857437065198,-0.0617619670486233,-0.019592937848463537,-0.1061516584791957,-0.021465678243173324,1.8157894736842106,-0.009567674690316913,1.9210526315789473,-0.012527489016012566,1.9210526315789473,-0.024395569427410904,1.5,-0.025215678243173324
2025-08-13,2025-08,336,316,-0.11060721993373052,-0.015530670179706454,0.009933073243310248,-0.005899038229522775,0.021459597447888244,-0.0007289624531873345,-0.04065756745028321,-0.01526842597072461,1.78125,-0.019983795179706453,1.8125,-0.010430288229522775,2.0,-0.005728962453187335,1.3125,-0.01854967597072461
2025-08-14,2025-08,327,311,0.05415617583274349,0.005104229513211107,0.04457925948957595,-0.0013911389022705396,-0.09030990119893838,-0.004505658182561972,-0.17575032080245748,-0.02793721061423493,1.8125,0.0005729795132111077,1.84375,-0.006000513902270539,1.90625,-0.00927128318256197,1.3125,-0.03121846061423493
2025-08-15,2025-08,303,296,-0.085106844310759,-0.003675731828905012,0.10661082211071367,0.007313547708235653,-0.0025354299645989997,-0.005114800639954827,0.13322213837907002,0.009047707550281751,1.8709677419354838,-0.008353151183743721,1.935483870967742,0.0024748380308162983,2.0,-0.010114800639954827,1.3225806451612903,0.005741255937378525
2025-08-18,2025-08,370,360,-0.055596306155456014,-0.010734311342907758,0.014424672181249546,-0.017685738011175976,0.08815964380407541,0.009300350677402657,0.11074454243014899,0.0007500848102536973,1.9444444444444444,-0.015595422454018869,1.9166666666666665,-0.022477404677842643,1.9166666666666665,0.004508684010735991,1.3333333333333333,-0.0025832485230796354
2025-08-19,2025-08,259,252,0.08887696257999339,0.018138727967185457,-0.049819145126499396,0.0008172576882614548,-0.13419115901281412,-0.0023506442668108467,0.08538827608595051,0.004787905887798413,1.8333333333333333,0.013555394633852125,1.9444444444444444,-0.0040438534228496555,1.9166666666666665,-0.007142310933477513,1.25,0.001662905887798413
2025-08-20,2025-08,276,267,-0.13823710348746676,-0.011055538801914845,-0.026496717211018067,-0.0003799290872084001,-0.03342647320285897,-0.006791509379130859,0.07973915897318817,-0.0017387842451869234,1.9259259259259258,-0.01587035361672966,1.8148148148148149,-0.004916966124245438,2.0,-0.011791509379130859,1.2222222222222223,-0.004794339800742479
2025-08-21,2025-08,255,247,-0.11002613986123641,-0.011776346840930478,-0.09600795978758156,-0.01152066811879116,-0.01898744025263639,-0.0039042459978989807,-0.08843194265288953,0.006183001118976388,1.8518518518518519,-0.016405976470560107,1.8888888888888888,-0.016242890341013384,1.962962962962963,-0.008811653405306388,1.2962962962962963,0.0029422603782356476
2025-08-22,2025-08,232,224,-0.02547503204280454,-0.011067700596115872,0.005972812892184632,-0.01719460306289633,-0.0609099274201175,-0.008589914995860046,0.08471830079052219,-0.010536892584202307,1.9200000000000002,-0.01586770059611587,1.68,-0.02139460306289633,1.84,-0.013189914995860046,1.1600000000000001,-0.013436892584202307
2025-08-25,2025-08,295,290,0.060520015015022445,-0.003781455500790404,0.05823226263160684,0.011989405543402757,-0.03260122939987101,-0.00027164715361758173,-0.054369869176826666,-0.004481184687336466,1.9310344827586208,-0.008609041707686955,1.8620689655172413,0.007334233129609654,1.9310344827586208,-0.005099233360514134,1.2758620689655173,-0.007670839859750259
2025-08-26,2025-08,281,274,0.0715420591276094,0.010137511730293824,-0.012015850961094173,-1.4642390138502707e-05,-0.05869375129261994,-0.008843440414175001,0.019038424745865666,0.0009422062865354114,1.793103448275862,0.005654753109604168,1.7586206896551724,-0.004411194114276434,1.9310344827586206,-0.013671026621071553,1.3103448275862069,-0.002333655782430106
2025-08-27,2025-08,302,293,-0.06562157515090339,0.006222371582172448,-0.0927127593173459,-0.0016350720139485736,-0.023683454682363332,0.0009152457675938421,-0.05212838852333754,0.011835320289841257,1.896551724137931,0.0014809922718276207,1.793103448275862,-0.0061178306346382294,1.9310344827586206,-0.00391234043930271,1.206896551724138,0.008818078910530911
2025-08-28,2025-08,280,270,0.15841814877067248,0.020604540579880447,0.08639900311670018,0.011888727583095723,-0.005098131236447652,-0.008162861974107077,0.15392243349925067,0.012202379600431456,1.8620689655172413,0.015949368166087344,1.793103448275862,0.007405968962406067,2.0,-0.013162861974107078,1.2758620689655171,0.009012724428017663
2025-08-29,2025-08,250,245,-0.0282615182203427,-0.005215984883341753,0.03520449327875422,-0.004098660766645052,-0.006553458921455647,0.00397009598077081,-0.01804561458887075,-0.0009167615796906222,1.7777777777777777,-0.009660429327786197,1.7777777777777777,-0.008543105211089495,1.8888888888888888,-0.0007521262414514123,1.1851851851851851,-0.003879724542653585
2025-09-02,2025-09,360,351,-0.00014493698587415978,0.005370428353710545,-0.022845901380315097,-0.00035472929080074614,-0.0065845428175648445,-0.014324539884680305,-0.06535518535379646,-0.011790226766180158,1.9714285714285713,0.0004418569251391164,1.9142857142857141,-0.005140443576515032,1.9428571428571428,-0.019181682741823164,1.3142857142857143,-0.015075941051894444
2025-09-03,2025-09,278,273,0.06241482590241198,0.0016468650952041835,0.03404079435241761,0.0011026726453842953,-0.061768540909360584,-0.007176089474922336,-0.1381690967244837,-0.004449664230161132,1.857142857142857,-0.0029959920476529587,1.8285714285714285,-0.0034687559260442764,1.8857142857142857,-0.01189037518920805,1.2571428571428571,-0.007592521373018275
2025-09-04,2025-09,275,267,0.048108109624322326,-0.0042853466735625605,0.01974313356332727,0.003966589588890056,-0.05737840422723794,-0.0011239001851570424,-0.08058341108648587,0.0030451754415516006,1.9629629629629628,-0.009192754080969968,1.8888888888888888,-0.0007556326333321662,2.0,-0.006123900185157042,1.1851851851851851,8.221247858863781e-05
2025-09-05,2025-09,257,245,0.10483177111471201,0.008774745196122874,0.001286346628158054,0.005865689339390203,-0.03620254180237949,0.004207651643288082,-0.05002799520405393,0.0038676704600115325,1.8888888888888888,0.004052522973900651,1.6666666666666665,0.0016990226727235363,1.8888888888888888,-0.00051457057893414,1.1481481481481481,0.0009973000896411621
2025-09-08,2025-09,275,263,0.11974863083183457,0.013706966761977947,0.010362446150441566,-0.008966890748184712,0.030859214516851235,0.003683900091947672,0.10910655151702663,0.011684130211539877,1.9615384615384615,0.008803120608131793,1.846153846153846,-0.013582275363569327,1.9615384615384615,-0.0012199460618984815,1.1538461538461537,0.008799514826924492
2025-09-09,2025-09,276,262,-0.027848586805895612,-0.007439397475394328,-0.04545672483366921,0.002150845730341043,0.02829582911202751,-0.006558425630257637,0.05686220230875701,-0.005588198129744485,1.8846153846153848,-0.01215093593693279,1.8076923076923077,-0.0023683850388897263,1.9230769230769231,-0.011366117937949945,1.0,-0.008088198129744486
2025-09-10,2025-09,251,245,-0.016084492832602243,0.016989187488842494,0.10276627207356842,0.030450089144827577,0.053043126211113144,0.006447556514115012,-0.08260526094121973,-0.0087220694633653,1.8461538461538463,0.012373802873457879,1.8461538461538463,0.02583470452944296,1.9615384615384615,0.0015437103602688584,1.2692307692307692,-0.011895146386442223
2025-09-11,2025-09,257,250,0.001554973015534462,-0.00948326344311307,0.11804576729232535,0.01810970952920998,-0.06700865395751583,-0.0009605764282000617,-0.10143030042530088,-0.032541484955047224,1.88,-0.014183263443113069,1.72,0.01380970952920998,1.92,-0.005760576428200061,1.04,-0.03514148495504722
2025-09-12,2025-09,297,289,0.018006086735070367,0.0009591707744327762,-0.04080843430911732,-0.007177737534749358,0.006505293223163938,0.0026205649538884697,-0.026851824389806135,-0.020284263823385024,2.0,-0.004040829225567224,1.8620689655172413,-0.01183290994854246,1.896551724137931,-0.002120814356456358,1.2413793103448276,-0.02338771209924709
2025-09-15,2025-09,351,342,-0.009201729372840483,-0.0033465998953526566,-0.0038543810164380077,-0.007080288503734525,0.0014981549349584345,0.00509118853097968,-0.06195513250326997,-0.021734600867556034,1.9411764705882353,-0.008199541071823245,1.8235294117647058,-0.01163911203314629,1.9411764705882353,0.0002382473545090918,0.8235294117647058,-0.0237934243969678
2025-09-16,2025-09,349,341,0.03654099498623064,0.01772868708080046,-0.021813138671058465,0.020271054957684415,0.02106611505506407,0.00424417926003526,0.140182082515844,0.03044470308958167,2.0,0.012728687080800459,1.7941176470588236,0.015785760840037355,1.9411764705882353,-0.0006087619164353289,0.7058823529411764,0.028679997207228726
2025-09-17,2025-09,310,300,-0.03778860632088145,0.0031755294506862096,0.031979622435606925,0.0007897277612098821,0.029565899016986284,-0.00239634772313139,0.0012505249123132092,-0.02415374670660328,1.8823529411764706,-0.0015303529022549665,1.7352941176470589,-0.003548507532907765,1.8529411764705883,-0.007028700664307861,0.9411764705882353,-0.02650668788307387
2025-09-18,2025-09,306,298,0.01717936507886574,-0.004580211975524731,-0.039347084870161975,-0.004062596020900255,0.017648849872118427,0.002406774527785087,-0.007236065783177692,0.0021375602068927444,1.8666666666666667,-0.009246878642191397,1.8333333333333333,-0.008645929354233587,1.9,-0.002343225472214913,0.9,-0.00011243979310725542
2025-09-19,2025-09,322,316,0.050079908065609066,0.004549663854592403,-0.03892755617849667,-0.01757197334126413,-0.0856912383367844,-0.002205039696498476,0.0019734663043343473,-0.030439239161727596,1.90625,-0.00021596114540759718,1.96875,-0.02249384834126413,1.78125,-0.0066581646964984755,1.0625,-0.033095489161727595
2025-09-22,2025-09,364,357,0.038207424316842306,0.0024385780263790563,-0.11329954820467351,-0.018030589485308335,-0.07098632979127745,-0.0056695424228449445,-0.02628330737029522,-0.004542435488823521,1.8611111111111112,-0.002214199751398722,1.8333333333333333,-0.022613922818641666,1.8888888888888888,-0.010391764645067168,1.0555555555555556,-0.007181324377712409
2025-09-23,2025-09,316,311,0.03659616467900004,0.006308107146636923,0.22799057271622544,0.014799306053394978,0.023951794074271143,0.0031282813626896475,0.15146177146736184,0.016652775235389484,1.861111111111111,0.001655329368859146,1.8055555555555556,0.010285417164506087,1.9166666666666665,-0.0016633853039770188,1.0277777777777777,0.01408333079094504
2025-09-24,2025-09,326,321,-0.05699885707617202,-0.003978394856564933,0.006424262671525846,-0.011221386726953154,-0.05670223249001566,-0.0037700640597751432,0.1867481198938395,0.01768082589327456,1.90625,-0.008744019856564932,1.90625,-0.015987011726953153,1.875,-0.008457564059775144,0.9375,0.015337075893274559
2025-09-25,2025-09,351,343,0.11130430078633718,0.0003293550331562121,0.03846675769360531,0.006746648032895201,0.03084610690590276,-0.006051866746023103,-0.17738372738372737,-0.023777954243545583,1.8529411764705883,-0.004302997908020259,1.9411764705882353,0.0018937068564246129,1.911764705882353,-0.010831278510728987,0.9117647058823529,-0.026057366008251467
2025-09-26,2025-09,333,328,-0.06339508561151108,-0.007393714479678057,0.04068231895871334,0.0006999196245550676,-0.09920603938158704,-0.009344051094436397,0.05484752966190051,0.016223914533657995,1.6470588235294117,-0.011511361538501585,1.6764705882352942,-0.003491256846033168,1.911764705882353,-0.01412346285914228,0.7058823529411765,0.014459208651305054
2025-09-29,2025-09,351,342,-0.05957368104125764,-0.004936283477912284,-0.022762008061617336,-0.012187574483515318,-0.05181068103990611,-0.0012141177927307125,0.09468577034873045,0.02115702550684985,1.8529411764705883,-0.009568636419088755,1.7941176470588236,-0.016672868601162377,1.8823529411764706,-0.0059200001456718885,0.823529411764706,0.019098201977438084
2025-09-30,2025-09,325,322,0.0027034661073862126,0.0028584848829290993,0.08019053433833814,0.007175466138179362,0.051847001867047,0.003097784007187014,-0.03968190781899065,-0.0002871206065250126,1.8529411764705883,-0.0017738680582473718,1.8823529411764706,0.002469583785238186,1.9411764705882353,-0.0017551571692835744,0.9411764705882353,-0.0026400617829956006
2025-10-01,2025-10,345,334,0.0622735866776009,0.025534701463074506,0.07605186375502676,0.005146372027776028,0.045287491672305974,0.017731077562372403,-0.33106454233563415,-0.05728586099213745,1.7575757575757576,0.02114076206913511,1.878787878787879,0.0004494023308063309,1.8484848484848486,0.013109865441160282,0.9696969696969697,-0.059710103416379876
2025-10-02,2025-10,347,343,-0.019533387547002606,0.006521082835092483,-0.02098337937957259,0.008167427400427394,0.06955180850791597,-0.010811803247483757,0.15303904426958784,-0.01304434920798056,1.7352941176470589,0.002182847540974836,1.5882352941176472,0.004196839165133276,1.911764705882353,-0.01559121501218964,1.0,-0.01554434920798056
2025-10-03,2025-10,353,346,-0.06406804509189484,-0.004134174602793948,-0.027070589020928806,0.00514551526054741,-0.04151314263889805,-0.004033034513199705,0.06462737840217385,-0.026610816746797324,1.9142857142857141,-0.008919888888508233,1.8,0.0006455152605474102,1.9142857142857141,-0.008818748798913992,1.0571428571428572,-0.02925367388965447
2025-10-06,2025-10,381,378,0.04656372297000328,0.001661577018862472,0.08128811536064284,-0.004451568708427883,0.036962873798324795,-0.003553618883332329,-0.037677458270320235,-0.005951590659672408,1.8684210526315788,-0.0030094756127164745,1.7894736842105263,-0.008925252918954199,1.894736842105263,-0.008290460988595486,1.0,-0.008451590659672409
2025-10-07,2025-10,342,336,0.014052035823275888,-0.0057878136223114985,-0.05400933868114853,-0.002530315045556201,-0.12903127583900562,-0.008847890987907777,0.22016154156412637,0.011974594837157225,1.9473684210526314,-0.010656234674943078,1.6052631578947367,-0.006543472940293043,1.9473684210526314,-0.013716312040539356,1.1842105263157894,0.009014068521367751
2025-10-08,2025-10,314,306,-0.013219342477076143,-0.001176325460927604,-0.03696950528071822,-0.0061905318088062,0.04656476677160186,0.007602298779655344,-0.06331033827828765,0.0015074519392694599,1.9117647058823528,-0.005955737225633486,1.6764705882352942,-0.010381708279394435,1.9705882352941175,0.0026758281914200507,1.088235294117647,-0.0012131362960246576
2025-10-09,2025-10,391,385,-0.052135956983822646,-0.0053577753003524915,0.10259633868673658,0.030034440231469103,0.0680963526120384,-0.0018004400562219823,-0.051313100491032534,-0.01675114270968149,1.8157894736842104,-0.009897248984563019,1.763157894736842,0.025626545494627,1.9210526315789473,-0.0066030716351693506,0.9736842105263157,-0.01918535323599728
2025-10-10,2025-10,348,331,-0.1622046966216855,-0.01745893480043645,-0.02349983869511387,0.005543889381091563,-0.11095679820865238,-0.014421959656850513,0.3945391581857263,0.038363374314775336,1.894736842105263,-0.022195776905699606,1.736842105263158,0.0012017841179336672,1.9210526315789473,-0.01922459123579788,1.0263157894736843,0.03579758484109113
2025-10-13,2025-10,420,409,0.08441361683267534,0.003986857242721939,-0.027403143620557006,-0.007955064369769352,0.023144386642983815,-0.004725834370988779,-0.0282850693654842,-0.044019419238881245,1.853658536585366,-0.0006472890987414756,1.6585365853658538,-0.012101405833183986,1.926829268292683,-0.009542907541720486,1.048780487804878,-0.04664137045839344
2025-10-14,2025-10,363,350,0.16961927904461313,0.03052724847357693,0.05202073690639253,0.0040619903607819075,-0.009795335098356277,0.005405433080463932,-0.09393795556527852,-0.04716815466349137,1.8048780487804879,0.02601505335162571,1.6097560975609757,3.760011687946752e-05,1.951219512195122,0.0005273842999761269,0.975609756097561,-0.049607179053735274
2025-10-15,2025-10,392,383,-0.10513966862438022,-0.005454881075481029,0.0038655366594376834,-0.011125999000616069,-0.09343845228942337,-0.004103388723704843,0.011011916560771716,0.01885921404397481,1.9210526315789473,-0.010257512654428397,1.7105263157894737,-0.015402314790089754,1.894736842105263,-0.008840230828968,1.0789473684210527,0.016161845622922177
2025-10-16,2025-10,373,365,-0.07457215060864902,-0.006385182348916916,-0.14405014446466363,-0.020879197208114167,0.041852918712442996,-0.0027514684324182765,0.27230967392245053,0.07486701161435019,1.6052631578947367,-0.010398340243653758,1.526315789473684,-0.024694986681798377,1.894736842105263,-0.007488310537681434,0.7894736842105263,0.07289332740382387
2025-10-17,2025-10,389,379,0.061380367948732896,0.008138275298199079,-0.013118766883333204,0.005884574709445639,-0.04953390087063847,0.0036536237406261515,0.188866213254783,0.0029039193854118782,1.6052631578947367,0.004125117403462237,1.763157894736842,0.001476679972603534,1.9473684210526314,-0.0012147973120054277,0.9736842105263157,0.00046970885909608864
2025-10-20,2025-10,423,411,-0.03541021129579692,-0.003374656264509328,-0.037764787796785264,-0.01713348174651699,-0.041604241371256845,-0.0005345650111691974,0.13640559951075062,0.02685559686801337,1.8048780487804879,-0.007886851386460548,1.6829268292682926,-0.02134079881968772,1.975609756097561,-0.0054735894014131,1.048780487804878,0.024233645648501174
2025-10-21,2025-10,372,358,0.03988955288691099,-0.00174044864160329,0.06460116683507203,0.01391102285046784,-0.04289419026684841,0.004035461062344647,0.29577425718663464,0.05920022966448636,1.7560975609756098,-0.006130692544042315,1.8536585365853657,0.009276876509004425,1.9024390243902438,-0.0007206364986309622,1.024390243902439,0.05663925405473026
2025-10-22,2025-10,418,402,-0.07588002298580312,0.0016420674906871737,-0.10180094688656384,-0.007856930205141258,-0.0748671259842141,-0.016224977089583703,-0.020272764294119994,-0.0013150130617359188,1.875,-0.003045432509312826,1.725,-0.012169430205141258,1.9,-0.020974977089583704,1.025,-0.0038775130617359184
2025-10-23,2025-10,484,467,-0.057038021728615336,-0.02172057457249964,-0.06623333735611725,-0.016003319651192078,0.016734214695068274,-0.0025479397707331396,0.06851656872295578,0.020393046593353493,1.7446808510638299,-0.026082276700159217,1.5531914893617023,-0.019886298374596333,1.872340425531915,-0.007228790834562927,1.0,0.017893046593353494
2025-10-24,2025-10,395,387,0.06631087651583631,-0.008981201624579098,0.03898117976555104,-0.0005295237967278222,-0.029323544377396524,-0.006243996663213556,-0.12564337716300705,-0.014904984191807837,1.7659574468085106,-0.013396095241600375,1.680851063829787,-0.00473165145630229,1.9361702127659575,-0.01108442219512845,1.1702127659574468,-0.017830516106701454
2025-10-27,2025-10,446,433,-0.056822888388725346,-0.011803428919747202,-0.024925016441626,0.0038568677825876214,-0.04410811398657886,-0.002738339715357199,0.05695584623226061,-0.006884194484915065,1.744186046511628,-0.01616389403602627,1.813953488372093,-0.0006780159383426108,1.9069767441860466,-0.007505781575822316,1.0465116279069766,-0.009500473554682507
2025-10-28,2025-10,454,438,-0.12736923054877444,-0.03337283717829351,-0.01924118189476644,-1.036979296273853e-05,-0.005825462652653987,0.004623905612498775,-0.014685985691870016,-0.004517693343096066,1.7045454545454546,-0.03763420081465715,1.6363636363636365,-0.00410127888387183,1.9318181818181819,-0.00020563984204667943,0.9772727272727273,-0.006960875161277884
2025-10-29,2025-10,524,507,0.10070170445122036,0.008493619539138311,0.1599667591263299,0.016990275221782543,-0.04552005774590141,-0.0021318531426553393,-0.08818084760099436,-0.015128453464245862,1.7843137254901962,0.004032835225412821,1.6666666666666667,0.012823608555115875,1.9411764705882353,-0.006984794319125928,1.1568627450980393,-0.01802061032699096
2025-10-30,2025-10,578,563,0.06254052025280073,-0.0034809392096263204,0.055855791825653735,-0.0006312719614586655,-0.12439919381219126,-0.015838607328452502,0.04767440310478757,-0.0013581326636075022,1.7857142857142856,-0.007945224923912034,1.6785714285714286,-0.004827700532887237,1.875,-0.020526107328452503,1.1964285714285714,-0.004349204092178931
2025-10-31,2025-10,426,419,0.10948307110472345,0.011259805320388661,0.03926430452536122,-0.002789848018885096,-0.03259915367977312,-0.009388518521744077,0.08195930948612654,0.01285237257992417,1.7678571428571428,0.006840162463245804,1.7678571428571428,-0.007209490876027953,1.9642857142857142,-0.014299232807458363,1.2142857142857142,0.009816658294209885
2025-11-03,2025-11,500,493,-0.0391619381084184,-0.00613652907187805,-0.03693283852974219,-0.002227646683463717,-0.049192621440396773,-0.008170596271257326,-0.15811631841319462,-0.02751479955213154,1.8367346938775508,-0.010728365806571927,1.7142857142857142,-0.006513360969178002,1.9183673469387754,-0.012966514638604265,1.0612244897959182,-0.030167860776621338
2025-11-04,2025-11,577,563,-0.00966974460394582,0.0019326427652986916,-0.044617480345502315,-0.000823048709679687,0.07513233821143342,0.007258260194114919,-0.09256811134224123,-0.007127400074205332,1.857142857142857,-0.0027102143775584505,1.9285714285714284,-0.005644477281108258,1.9999999999999998,0.00225826019411492,1.1607142857142856,-0.010029185788491046
2025-11-05,2025-11,673,650,0.013291863977175345,0.010992285346782024,-0.0020018144055449294,-0.00029394953165031356,0.02762200982239485,-0.003815593694624201,-0.13812615778995346,-0.01224792547358333,1.6615384615384614,0.006838439192935871,1.7538461538461538,-0.004678564916265698,1.9230769230769231,-0.008623286002316509,1.3384615384615384,-0.015594079319737176
2025-11-06,2025-11,661,638,0.020965406661150588,0.00010090388214468483,-0.07313551291133556,-0.010426827804462607,0.05927530813284953,0.011041049045839739,-0.0592107631818569,-0.025250283425015688,1.7384615384615385,-0.004245249964009161,1.7538461538461538,-0.014811443189077992,1.9230769230769231,0.006233356738147431,1.2461538461538462,-0.028365668040400305
2025-11-07,2025-11,436,427,0.0015533130128575073,0.009053229718501109,0.07834626183253728,0.016794407537784408,0.056074836041535826,0.0017843549629412425,0.11998419380305729,0.0350388816624249,1.828125,0.004482917218501109,1.8125,0.012263157537784408,1.90625,-0.0029812700370587574,1.4375,0.0314451316624249
2025-11-10,2025-11,455,443,-0.03992989933066071,-0.003829640739782902,-0.011344244201100785,0.007257576138979707,-0.03662983340602299,-0.0013164369923942092,-0.31084884913770106,-0.06219898352517567,1.8181818181818181,-0.008375095285237447,1.6818181818181819,0.0030530306844342523,1.9090909090909092,-0.006089164265121481,1.1590909090909092,-0.06509671079790294
2025-11-11,2025-11,364,353,-0.02066903713396944,0.00022047875384421413,-0.037926328295863065,-3.0136853865379495e-05,0.018455522825718447,-0.0032439250144572756,-0.05180087980518121,-0.014248449975790622,1.8409090909090908,-0.004381793973428513,1.7727272727272727,-0.004461955035683561,1.9545454545454546,-0.008130288650820912,1.2727272727272727,-0.017430268157608803
2025-11-12,2025-11,400,385,0.04157078063687199,0.00042999941974877645,-0.03294889912676265,-0.004878094077482307,0.057529991701675706,-0.0022659829079480203,-0.05998603582739468,-0.009439277143230246,1.7894736842105263,-0.0040436847907775395,1.8157894736842104,-0.009417567761692834,1.8421052631578947,-0.006871246065842758,1.2105263157894737,-0.01246559293270393
2025-11-13,2025-11,401,385,0.0410464826355099,-0.002998687051045411,-0.02000198821466417,0.004864869671944005,0.0368792690919588,-0.012876299198891602,-0.11989596903264227,-0.01615482067097536,1.6842105263157894,-0.007209213366834884,1.8157894736842104,0.00032539598773347837,1.9210526315789473,-0.01767893077783897,1.0526315789473684,-0.01878639961834378
2025-11-14,2025-11,384,379,0.14295214455645047,0.019378038076259613,0.10700403731803754,0.012410203997597511,-0.08006501578402071,-0.02557540173468422,0.18472809848181657,0.013854355200461908,1.7368421052631577,0.01503593281310172,1.763157894736842,0.008002309260755406,1.8684210526315788,-0.030246454366263168,1.0789473684210527,0.011156986779409277
2025-11-17,2025-11,415,406,-0.00046769137088660236,-0.001408442830430845,-0.04740473058515682,0.008657453656598283,-0.011185890975680108,0.0068783498925611645,0.0012625753851526508,-0.002892574608192256,1.829268292682927,-0.005981613562138163,1.6341463414634145,0.004572087802939747,1.951219512195122,0.0020003011120733596,1.073170731707317,-0.005575501437460548
2025-11-18,2025-11,385,378,-0.056887316989909426,-0.014855284281571086,-0.022702332895114186,-0.009375182943862408,0.03794827382179349,0.0037468501331174697,0.12469669425926061,0.01349915504357561,1.7560975609756098,-0.01924552818401011,1.6585365853658536,-0.013521524407277042,1.975609756097561,-0.0011921742571264328,1.073170731707317,0.010816228214307319
2025-11-19,2025-11,328,322,0.08337407891242334,0.013438673378276401,0.09440551270624614,0.012697279993585612,0.034366464590523234,0.00032061774406056537,-0.13747899239679495,-0.024364178218343472,1.8421052631578947,0.008833410220381664,1.736842105263158,0.008355174730427717,1.894736842105263,-0.004416224361202592,1.1842105263157894,-0.027324704534132944
2025-11-20,2025-11,342,335,-0.11313539470396053,-0.013115638710875722,-0.13209975811379543,-0.010055833172292972,0.0050636803667077155,5.137319077852531e-05,-0.2870060637714097,-0.04700198250106657,1.8529411764705883,-0.017747991652052195,1.7941176470588236,-0.014541127289940031,1.8235294117647058,-0.004507450338633239,1.2941176470588236,-0.050237276618713626
2025-11-21,2025-11,332,327,-0.02280014530754256,-0.003565357425100075,-0.05672736360011102,-0.006198118274061108,-0.0026971630271914264,0.0006291887709396582,-0.1794182674536043,-0.02200722589663904,1.8823529411764706,-0.008271239778041251,1.7647058823529411,-0.01060988297994346,1.9411764705882353,-0.004223752405530931,1.1470588235294117,-0.02487487295546257
2025-11-24,2025-11,343,335,-0.00493012301267985,0.004918164485860483,-0.025409232779437872,-0.007385550652983408,-0.02188374627790089,-0.005886134027735746,0.1693430804535977,0.011792513445230076,1.7941176470588236,0.0004328703682134243,1.7058823529411764,-0.01165025653533635,1.8235294117647058,-0.01044495755714751,1.1764705882352942,0.00885133697464184
2025-11-25,2025-11,313,305,-0.002471584170141039,-0.006462920558269698,-0.07587142633838975,-0.005033702681773552,-0.03932433285182443,0.003312768547595376,-0.012360636857209653,0.006463402338722317,1.7647058823529411,-0.010874685264152051,1.7352941176470589,-0.009371937975891198,1.9117647058823528,-0.001466643217110506,1.2647058823529411,0.0033016376328399637
2025-11-26,2025-11,307,299,-0.04074043775264633,-0.0003579202429331886,-0.049176851881978116,-0.007341540997937239,0.006982490687116623,-0.0020333111978278733,-0.12977454689933238,-0.009645902804869511,1.8666666666666667,-0.005024586909599855,1.7,-0.011591540997937239,1.9333333333333333,-0.006866644531161207,1.0333333333333332,-0.012229236138202844
2025-11-28,2025-11,361,349,0.019330346006068186,0.005675501846501547,0.06155394862438356,0.006622954842678922,0.07336260670071003,0.005870818329019313,0.17429693819015127,0.011410702399469851,1.8285714285714285,0.0011040732750729754,1.8,0.002122954842678922,1.8285714285714285,0.0012993897575907416,1.2,0.008410702399469852
2025-12-01,2025-12,319,314,0.08070309986883933,-0.002610383911804538,0.007039556415870044,0.0004172168500646868,-0.06223367622644433,-0.003789106158375878,-0.019589890613899895,-0.0015825550985155137,1.857142857142857,-0.00725324105466168,1.7714285714285714,-0.004011354578506742,1.857142857142857,-0.00843196330123302,1.2285714285714286,-0.004653983669944085
2025-12-02,2025-12,313,303,0.09877431110375079,0.008526859068388607,-0.12027954707055048,-0.01907545736587135,0.08203389956533326,0.006853807917014128,0.139293190956458,0.03218617902729376,1.8709677419354838,0.0038494397135498968,1.6451612903225805,-0.023188360591677802,1.967741935483871,0.0019344530783044498,1.1935483870967742,0.029202308059551825
2025-12-03,2025-12,303,296,-0.006461216150156294,0.002663548297356714,0.05293503745659336,0.0049801362751756995,0.06673532054275709,0.004693078944872713,0.26464790322721693,0.014498799795971498,1.9333333333333333,-0.0021697850359766197,1.9,0.00023013627517569964,1.9,-5.692105512728699e-05,1.1333333333333333,0.011665466462638165
2025-12-04,2025-12,335,330,0.11133346122477221,0.004521911378308929,0.07349346531220685,0.0021911455811984178,0.1463146124135078,-0.006113314634415152,0.1586175703872412,0.036671899630764414,1.8484848484848484,-9.930074290319217e-05,1.9090909090909092,-0.0025815816915288545,1.878787878787879,-0.01081028433138485,1.2121212121212122,0.033641596600461385
2025-12-05,2025-12,289,284,0.05896716053887212,0.004449196621007583,0.0025064852798287077,-0.005489900908742895,-0.027058529329298437,-0.0073909128232289845,-0.09318360625181979,-0.010458689859531753,1.8181818181818181,-9.625792444696232e-05,1.8181818181818181,-0.01003535545419744,1.9090909090909092,-0.012163640095956257,1.3636363636363635,-0.013867780768622662
2025-12-08,2025-12,374,367,0.01300932034437046,0.005003415812441849,0.02459775708215612,0.006861060902566365,0.04570259153966631,-0.031762126938762875,0.06352161259336783,-0.012994283408880264,1.8378378378378377,0.0004088212178472543,1.7837837837837838,0.002401601443106905,1.864864864864865,-0.03642428910092504,1.162162162162162,-0.01589968881428567
2025-12-09,2025-12,328,321,-0.03793239974709532,-0.008953022312262117,-0.17604866670858138,-0.022647083146722233,0.059675061239622976,0.010216739871559403,-0.16683222239264298,-0.008911195696397145,1.7837837837837838,-0.013412481771721576,1.7297297297297298,-0.02697140747104656,1.864864864864865,0.005554577709397241,1.1081081081081081,-0.011681465966667415
2025-12-10,2025-12,328,316,0.054779881181395707,0.013256025468590019,0.05698252322984822,0.005553581989793891,0.08511020330298644,0.008882982812872559,-0.15224773702799632,-0.008680582965320722,1.8125,0.008724775468590018,1.6875,0.0013348319897938908,1.90625,0.004117357812872559,1.0625,-0.011336832965320722
2025-12-11,2025-12,348,338,-0.04100214365106567,-0.008886661859114475,-0.1016504804281464,-0.012675515516701718,0.00539922540961731,-0.000300086792202392,-0.0064409411567398584,0.006906812893301629,1.8529411764705883,-0.013519014800290946,1.7647058823529411,-0.017087280222584073,1.8823529411764706,-0.005005969145143568,1.0588235294117647,0.004259754069772217
2025-12-12,2025-12,305,298,0.1084972445657129,0.024655915208532466,-0.041777666123894386,0.009920096934412339,-0.03744085861876608,-0.0013479456434638548,0.08980938796274196,0.007374273850570875,1.8823529411764706,0.019950032855591292,1.7647058823529411,0.005508332228529986,1.9411764705882353,-0.006200886819934443,1.1764705882352942,0.0044330973799826395
2025-12-15,2025-12,352,346,-0.06879662657504504,-0.014358311587698635,0.0023451144185508608,0.0024667818177873738,0.025842708222273674,-0.009661069423282423,-0.06989265062919454,-0.018682456347981234,1.9428571428571428,-0.01921545444484149,1.7428571428571429,-0.0018903610393554834,1.9142857142857141,-0.014446783708996708,1.0571428571428572,-0.021325313490838375
2025-12-16,2025-12,340,333,-0.028411879705471918,-0.009539602218760462,-0.05220101328854032,-0.01328189627498352,0.017829353699108434,0.01105343100637193,0.15545147703801632,0.008520874706106145,1.9142857142857144,-0.014325316504474748,1.8,-0.01778189627498352,1.8857142857142857,0.0063391452920862155,1.1142857142857143,0.00573516042039186
2025-12-17,2025-12,319,313,0.0387752250354727,0.0063447181458437755,-0.021326207414112695,0.008127801854169031,-0.015688225060794585,0.001884547641766935,0.0106296588163981,-0.006390340645925991,1.7575757575757576,0.0019507787519043819,1.8484848484848484,0.0035065897329569096,1.9090909090909092,-0.002888179630960337,1.0303030303030303,-0.008966098221683566
2025-12-18,2025-12,322,314,0.13811035660309895,-0.002321420147357732,0.017817528650792558,-0.0007207303537384445,0.02792223762494933,-0.0035420082692826766,-0.06910301284113901,-0.0032393348883572913,1.7419354838709677,-0.006676258857035151,1.8064516129032258,-0.005236859385996509,1.935483870967742,-0.008380717946702032,0.967741935483871,-0.005658689727066969
2025-12-19,2025-12,320,312,0.06752895749086436,0.006739971958536394,0.02184604202684298,-0.005540378343578775,-0.009858133010088874,-0.01639350732479082,0.13872095918905458,0.030962889487838968,1.8064516129032258,0.0022238429262783303,1.8387096774193548,-0.010137152537127162,1.935483870967742,-0.021232217002210174,1.0,0.02846288948783897
2025-12-22,2025-12,312,304,-0.08661506848808348,-0.01074984845046647,0.038158218508764045,-0.006633141336601248,0.03553812137582433,0.006406707318855217,-0.1926927494976881,-0.03883820959925738,1.7741935483870968,-0.015185332321434212,1.6774193548387097,-0.010826689723698022,1.8387096774193548,0.0018099331253068297,1.0,-0.04133820959925738
2025-12-23,2025-12,288,281,-0.11777288590376386,-0.013953032510304275,-0.10043685454514031,-0.022280744084270124,0.0608234273454072,-0.00022968008619589364,-0.00739061765308706,-0.015102352103696724,1.9,-0.018703032510304276,1.8,-0.026780744084270124,1.9333333333333333,-0.005063013419529227,0.9666666666666666,-0.017519018770363392
2025-12-24,2025-12,267,263,0.0641718023584898,0.008974010186339447,0.07035038223178287,0.007115819110957331,0.048652866735508796,0.006798963945473119,0.08927592534286574,0.01662164359394422,1.8214285714285714,0.004420438757768018,1.7142857142857144,0.002830104825243045,1.9642857142857142,0.0018882496597588333,1.0714285714285714,0.01394307216537279
2025-12-26,2025-12,293,289,0.11299761726331695,0.0061082743538224404,0.12345502322666294,0.011525745855277925,0.060777767070149986,-0.003454142475010899,0.07683555255323685,0.006619331913302022,1.896551724137931,0.001366895043477613,1.8620689655172413,0.006870573441484822,1.9310344827586208,-0.008281728681907451,1.2413793103448276,0.003515883637439953
2025-12-29,2025-12,260,258,-0.09629636967043859,-0.013330621518401461,-0.006180512339096472,0.008608700148062117,0.08532760452082049,-0.0020245016214610013,-0.001551229137436034,-0.011414441745999973,2.0,-0.018330621518401462,1.8275862068965518,0.004039734630820737,1.9655172413793105,-0.006938294724909278,1.103448275862069,-0.014173062435655144
2025-12-30,2025-12,263,254,0.028308303632962502,0.0006028479297244781,0.13257887681486408,0.0008120818223911553,0.05918629461333388,-0.00038303349139617686,0.17865681925602492,0.012108944322533488,1.8846153846153846,-0.004108690531813983,1.8076923076923077,-0.003707148946839614,2.0,-0.005383033491396177,1.153846153846154,0.009224328937918103
2025-12-31,2025-12,238,236,-0.03579556154041563,0.002602021979831804,0.02174777091400314,-0.0011439322041923764,-0.15446072733828867,-0.014420027676969076,-0.03976475394988248,-0.0009627455550699953,1.88,-0.002097978020168196,1.76,-0.005543932204192376,2.0,-0.019420027676969077,1.04,-0.003562745555069995
2026-01-02,2026-01,318,316,0.023519443496344532,-0.007998316762486444,0.08296318608109682,0.013687958696653794,-0.007009588179232209,-0.0055686593378894145,0.03317555176126813,0.023886345243712293,1.8125,-0.012529566762486444,1.875,0.009000458696653793,1.90625,-0.010334284337889414,1.4375,0.020292595243712293
2026-01-05,2026-01,293,288,0.07477520927556545,0.020207747085944423,-0.07435584549869759,-0.014708360162834186,0.012229020230470013,0.009140779456596396,-0.21242993161060572,-0.021454244018100036,1.90625,0.015442122085944424,1.84375,-0.019317735162834186,1.96875,0.004218904456596396,1.21875,-0.024501119018100037
2026-01-06,2026-01,294,294,-0.033839109755069326,0.008517626651815987,-0.07040216040843242,-0.012303610796112242,0.04376988269689932,-0.0027789992146324497,-0.1495860755542606,-0.018830293683108738,1.8620689655172413,0.003862454238022884,1.6896551724137931,-0.016527748727146723,1.8620689655172413,-0.007434171628425553,1.1379310344827587,-0.021675121269315634
2026-01-07,2026-01,319,314,0.04047199927632976,-0.007971977111608491,0.04357210647385351,-0.005670909126915837,0.013009626495220089,0.0003931887650470071,-0.006839992310877152,0.006833727216392716,1.8709677419354838,-0.0126493964664472,1.7741935483870968,-0.01010639299788358,1.8387096774193548,-0.0042035854285013795,1.064516129032258,0.004172436893812071
2026-01-08,2026-01,301,299,-0.05045704878815656,-0.007385550546187243,-0.02718959150312322,-0.005971773449934029,-0.004812222764204371,-0.007329149073005429,0.021048601790939692,-0.009844095112104467,1.9032258064516128,-0.012143615062316275,1.9032258064516128,-0.010729837966063062,1.9032258064516128,-0.012087213589134461,1.032258064516129,-0.01242474027339479
2026-01-09,2026-01,276,271,0.021853116952346402,0.014276705204322757,0.06256492871959611,0.012671610784037095,-0.004813291602540201,-0.0015388971567728087,-0.08773048329789815,-0.007953859724310175,1.8333333333333333,0.009693371870989426,1.7666666666666666,0.00825494411737043,1.8666666666666667,-0.006205563823439475,1.2666666666666666,-0.011120526390976842
2026-01-12,2026-01,319,316,0.02009222833069537,0.011144726490434853,-0.07753585367582133,-0.003120812129577929,0.06286126573332894,0.0034523615292230934,0.15127796098490714,0.01987124223076842,1.9375,0.006300976490434853,1.90625,-0.007886437129577928,1.84375,-0.0011570134707769063,1.15625,0.016980617230768418
2026-01-13,2026-01,253,251,0.014362136908103264,0.008990778945322207,0.08423277323514174,0.03420486425558444,0.055813614000146845,0.005143320024615234,0.1711951306446334,0.03406819403954186,1.875,0.0043032789453222075,1.875,0.029517364255584436,2.0,0.00014332002461523406,1.34375,0.030708819039541858
2026-01-14,2026-01,303,296,-0.11386894348494592,-0.031390119119897815,-0.040328808832559807,-0.014809418599195209,0.017257509516482552,-0.003889367872479066,-0.17301238227691712,-0.04082525545049694,1.8666666666666667,-0.03605678578656448,1.6666666666666667,-0.018976085265861878,2.0,-0.008889367872479067,1.3666666666666667,-0.04424192211716361
2026-01-15,2026-01,298,292,-0.028013627505474824,0.0032254887961708067,-0.03954558294803613,0.0036959986186525283,0.07906239187838608,0.015212586495712931,-0.05848095485662584,-0.014578713158709993,1.9,-0.0015245112038291932,1.7,-0.000554001381347472,1.9,0.010462586495712932,1.2666666666666666,-0.01774537982537666
2026-01-16,2026-01,292,287,-0.1441158013441681,-0.006360709902104831,-0.09009195738078557,-0.008629543859738468,0.019393366847736657,-0.0015500652540247802,-0.24812891496350362,-0.026548439357049168,1.8620689655172413,-0.011015882315897934,1.5862068965517242,-0.012595061101117778,1.896551724137931,-0.006291444564369608,1.2413793103448276,-0.029651887632911236
2026-01-20,2026-01,397,392,0.011986401215909303,-0.0012335626751496928,-0.016168321713089878,-0.008080807853562386,-0.008821109829673823,0.0006360074506187585,-0.14937043766704108,-0.007297428318802432,1.8205128205128205,-0.005784844726431744,1.7692307692307692,-0.012503884776639308,1.9230769230769231,-0.0041716848570735494,1.0256410256410255,-0.009861530882904996
2026-01-21,2026-01,360,352,-0.022159887139812654,0.0062525098355464825,0.0612945443930321,0.015015639555213667,0.003018929168141701,-0.0012576153862809967,0.005258528229384486,0.006813014774037764,1.8974358974358974,0.0015089200919567395,1.7692307692307692,0.010592562632136746,1.9230769230769231,-0.006065307693973305,1.0256410256410255,0.0042489122099352
2026-01-22,2026-01,350,342,-0.022836690274586083,0.00036678086384921496,-0.11189981116766144,-0.007167263861881036,0.016285016690292798,-0.0016791475112677683,0.04954466447268954,-0.01255377837915449,1.9714285714285713,-0.004561790564722214,1.8285714285714285,-0.011738692433309609,1.9714285714285713,-0.006607718939839197,1.1428571428571428,-0.015410921236297347
2026-01-23,2026-01,299,289,-0.08720610956635315,-0.022169366776359056,-0.008216166228979504,-0.009821888372282062,-0.047514549902771396,-0.013460016969453165,0.15498058404974074,0.01297846111110578,1.8235294117647058,-0.02672819030577082,1.9117647058823528,-0.014601300136987943,1.9411764705882353,-0.018312958145923753,1.2941176470588236,0.00974316699345872
2026-01-26,2026-01,383,374,-0.01332522163118395,0.022643656331467726,-0.06311934719562966,0.023953977502105685,0.03454875718722326,0.008178697892873885,0.35270540696926406,0.06236512314405633,1.8918918918918919,0.017913926601737996,1.8918918918918919,0.019224247772375955,1.9189189189189189,0.0033814005955765877,0.9729729729729729,0.059932690711623895
2026-01-27,2026-01,288,284,-0.1131740258375663,-0.00480129261542271,-0.10776376029179183,-0.01751039930911877,-0.04305604290921426,-0.005487805367252094,-0.2512585230691525,-0.025774299143466364,1.945945945945946,-0.009666157480287575,1.8108108108108107,-0.022037426336145798,1.945945945945946,-0.010352670232116959,1.189189189189189,-0.028747272116439338
2026-01-28,2026-01,352,343,0.034676474490189076,0.0014632093763420567,0.11643425064112006,0.001792810715375336,0.01686840652259946,-0.0003975913163435831,0.009731495174251195,-0.003207807904170386,1.8823529411764706,-0.0032426729765991195,1.9117647058823528,-0.002986601049330546,1.9705882352941175,-0.005324061904578877,1.2352941176470589,-0.006296043198288033
2026-01-29,2026-01,390,378,-0.05849808729823312,-0.0004106809628713348,-0.0007659816553608478,0.0016745872461674397,-0.07923621340835427,-0.01247841795186166,0.08111917041845262,0.03103922518815446,1.8421052631578947,-0.005015944120766072,1.9473684210526314,-0.0031938338064641395,1.9210526315789473,-0.01728104953080903,0.9473684210526315,0.028670804135522882
2026-01-30,2026-01,315,308,0.07654222728947972,0.012189214882076718,0.09338395912543801,0.0060887631052104485,-0.05631305365415761,-0.012897760299544142,0.22973303595261582,0.033343452264878504,1.763157894736842,0.007781320145234613,1.894736842105263,0.0013519209999472911,1.8684210526315788,-0.017568812931123088,1.0526315789473684,0.03071187331751008
2026-02-02,2026-02,404,394,-0.11503362591333201,-0.01321672686498973,-0.04333517179011888,0.00023430782640546143,-0.06432056056354327,-0.005388824377303759,-0.1938168175791938,-0.022963904086201567,1.8205128205128205,-0.017768008916271782,1.923076923076923,-0.004573384481286845,1.8974358974358974,-0.010132414120893503,1.2564102564102564,-0.026104929727227208
2026-02-03,2026-02,423,418,0.06598074270292378,0.005679796839592265,-0.05133061672430522,-0.018644146328746915,0.021638330512290322,0.009901914107153404,-0.354659871905368,-0.05447651677659795,1.9047619047619047,0.0009178920776875031,1.9285714285714284,-0.023465574900175486,1.857142857142857,0.0052590569642962616,1.119047619047619,-0.057274135824217
2026-02-04,2026-02,475,471,0.003778579034037603,0.008792256860466521,0.07529266900481361,0.01105765803941842,-0.003491736245680378,-0.0025824192064667724,0.1522597260089912,0.045468166498365596,1.8085106382978722,0.0042709802647218405,1.6170212765957446,0.007015104847929059,1.9361702127659575,-0.007422844738381666,1.1063829787234043,0.04270220905155708
2026-02-05,2026-02,529,524,0.012163418658761619,0.010786038854906654,0.07146685540939017,0.007559689607894195,0.03765563153656924,-0.005647678636764959,-0.27180254979726665,-0.0346858246821623,1.7884615384615385,0.006314885008752807,1.6730769230769231,0.0033769973002018864,1.8653846153846154,-0.010311140175226498,1.1923076923076923,-0.037666593912931534
2026-02-06,2026-02,404,401,-0.04820918622189138,0.0076939648811322585,-0.07801488492631632,-0.010688390440021893,-0.011016300515964647,0.004699711407022919,0.02808657149302181,0.006536383789349166,1.826923076923077,0.003126657188824566,1.8076923076923077,-0.015207621209252661,1.9230769230769231,-0.0001079809006693886,1.0961538461538463,0.00379599917396455
2026-02-09,2026-02,426,420,0.022886013069984012,0.006444048905079216,-0.04430033117929656,-0.001923425224195527,0.10224144240971748,0.006168427667165931,0.06262725824571343,0.0008190536624151767,1.7857142857142858,0.0019797631907935015,1.8571428571428572,-0.00656628236705267,1.9523809523809523,0.00128747528621355,1.119047619047619,-0.0019785653852038712
2026-02-10,2026-02,440,438,-0.03311125663701305,0.0006212034967006826,0.04692086261764196,0.0070802353058288066,0.003892759825245321,0.0041691219788365305,-0.024263485498733063,-0.00784601153008303,1.7727272727272727,-0.003810614685117499,1.8409090909090908,0.002477962578556079,1.9545454545454546,-0.0007172416575271061,1.3863636363636362,-0.01131192062099212
2026-02-11,2026-02,465,462,-0.02401372067124889,-0.010672925225680582,-0.022471253403203047,-0.0010629869786745426,-0.0005217413462056289,0.002771861752687569,-0.40642674044201316,-0.04910633369128342,1.8043478260869565,-0.015183794790897973,1.8043478260869565,-0.005573856543891934,1.891304347826087,-0.0019563991168776483,1.0869565217391304,-0.051823724995631246
2026-02-12,2026-02,468,461,-0.010353938565235248,0.006891046231264667,0.1248315239026605,0.022706812855053195,0.05507279928411945,0.00914522668420598,-0.1654969079320703,-0.016122978225063107,1.8478260869565217,0.002271481013873362,1.8478260869565217,0.01808724763766189,2.0,0.004145226684205979,1.2173913043478262,-0.01916645648593267
2026-02-13,2026-02,359,357,0.07546255914453459,0.004392678803815759,-0.02419345113458192,0.0033443428710695777,-0.05276714189047595,-0.007550494639806988,0.08555087470131852,0.009595317088984366,1.826086956521739,-0.00017253858748858802,1.7826086956521738,-0.0011121788680608568,1.8478260869565217,-0.012170059857198292,1.3478260869565217,0.0062257518715930615
2026-02-17,2026-02,534,526,0.004732169038609324,0.002061698131129651,0.008085427531177719,-0.002428995868679073,0.014915724401727719,-0.0028512561990050823,0.09056478234220307,0.0164198745616739,1.8679245283018866,-0.0026081131896250657,1.8867924528301885,-0.007145977000754544,1.9056603773584904,-0.007615407142401308,1.2264150943396226,0.013353836825824843
2026-02-18,2026-02,468,460,-0.06516038466073147,-0.014014155940957142,0.028116811107938615,-0.008047307371013121,0.01096864530095205,-0.00720311588354543,0.22541210693596517,0.014505454313607733,1.8679245283018868,-0.01868396726171186,1.7169811320754715,-0.0123397602012018,1.8679245283018868,-0.011872927204300148,1.2830188679245282,0.011297907143796412
2026-02-19,2026-02,465,461,-0.01072167184947009,-0.001648815767795399,0.001705013086298834,0.009927717965528306,0.060242568258876625,0.011690326559318419,0.1030367859366873,0.014917186190893866,1.8478260869565217,-0.0062683809851867035,1.8043478260869565,0.005416848400310914,1.826086956521739,0.0071251091680140715,1.2391304347826086,0.011819360103937344
2026-02-20,2026-02,379,372,0.07948602731957592,0.002480362593313721,0.041991622111616174,-0.0031775325860155298,-0.07138927225007681,-0.009227824705775269,-0.19909779941816969,-0.02917843054548759,1.8260869565217392,-0.0020848547979906273,1.8478260869565217,-0.007797097803406834,1.9130434782608696,-0.014010433401427443,1.3478260869565217,-0.032547995762878895
2026-02-23,2026-02,427,424,-0.0011082441652748543,-0.005764906713784466,-0.03378033159007816,-0.006083430517322741,0.007909503156573114,-0.0007700885069279774,-0.22388999232101664,-0.012605601599973548,1.9047619047619047,-0.010526811475689228,1.8571428571428572,-0.010726287660179884,1.9285714285714286,-0.0055915170783565485,1.2380952380952381,-0.015700839695211643
2026-02-24,2026-02,478,471,-0.1045609838203104,-0.008218420133534632,-0.06872896049505448,-0.007916559741033688,0.006238988959107785,0.005657896018654646,0.23495291327658457,0.016321204800484046,1.8297872340425532,-0.012792888218641014,1.872340425531915,-0.012597410804863474,1.9361702127659575,0.0008174704867397525,1.2340425531914894,0.013236098417505324
2026-02-25,2026-02,563,553,-0.14668236858103423,-0.015450791623427591,-0.0477638874441038,-0.010420819167020763,0.06291138054575288,0.0010740061420468703,0.1846889517637142,0.033345682279505684,1.7999999999999998,-0.01995079162342759,1.7999999999999998,-0.014920819167020764,1.909090909090909,-0.0036987211306804017,1.1636363636363636,0.030436591370414774
2026-02-26,2026-02,607,592,-0.05577053085989081,-0.0027333223581625012,0.017593968317381886,0.007300780280376878,0.019513877100453485,-0.0012386278531229464,0.1805531935842197,0.03965667559589534,1.8305084745762712,-0.007309593544603179,1.7457627118644068,0.00293637350071586,1.8135593220338984,-0.005772526158207693,1.3220338983050848,0.03635159085013263
2026-02-27,2026-02,445,436,0.012619543634558058,0.0014917486596610656,0.07711555975312943,0.014865306073253986,0.11421021581433782,0.017502723766589255,-0.061119464051271714,-0.0155790294531062,1.8983050847457628,-0.003254014052203341,1.88135593220339,0.010161916242745511,1.88135593220339,0.01279933393608078,1.4067796610169492,-0.019095978605648573
2026-03-02,2026-03,430,421,-0.18781323523529286,-0.01668552828073761,-0.06393327741293502,-0.022323120031852238,0.001700313019544642,-0.009216665253123799,0.3661711868404533,0.028166511902450488,1.8863636363636362,-0.0214014373716467,1.8863636363636362,-0.027039029122761328,1.8636363636363635,-0.013875756162214706,1.3636363636363635,0.024757420993359577
2026-03-03,2026-03,391,382,-0.05680975881426588,-0.016290880860418216,-0.011379908083680815,-0.007307163570455244,-0.02391377174376771,-0.005307844266549422,0.251086266500895,0.022039926164030225,1.7619047619047619,-0.02069564276518012,1.8333333333333333,-0.011890496903788576,1.976190476190476,-0.010248320457025612,1.2380952380952381,0.01894468806879213
2026-03-04,2026-03,385,371,0.11132891095363528,-0.0009047893279104063,-0.014244688633971842,-0.0016057038129039364,0.04403330765265495,-0.0027288014698224105,0.14595732958751093,0.01432958684060189,1.7894736842105263,-0.005378473538436722,1.736842105263158,-0.005947809076061832,1.9473684210526316,-0.00759722252245399,1.1578947368421053,0.011434849998496626
2026-03-05,2026-03,392,376,0.02661041575360158,-0.0012473525400853477,0.09220884731625746,0.022829421406051667,0.12306908389158858,0.009640409292415322,0.15715925197475394,0.03347289216510135,1.8157894736842106,-0.005786826224295874,1.6578947368421053,0.018684684563946403,1.9210526315789473,0.004837777713467954,1.2105263157894737,0.03044657637562767
2026-03-06,2026-03,338,327,0.04848171253239669,-0.005820397598541794,-0.10917156810037817,-0.0016818759390791992,-0.1272433710610293,-0.019650448186057955,0.008113667482743989,0.003540823793726922,1.8421052631578947,-0.010425660756436531,1.8157894736842106,-0.0062213496232897255,1.9473684210526316,-0.024518869238689532,1.4736842105263157,-0.00014338673258886686
2026-03-09,2026-03,377,367,0.036498095872135476,-0.0013970777774633403,0.06368998019362054,0.008380917491736535,0.03006687805422487,0.010073149372286242,0.1135259181987206,0.012111879573806916,1.7837837837837838,-0.0058565372369228,1.810810810810811,0.0038538904647095074,1.8918918918918919,0.005343419642556512,1.3783783783783785,0.00866593362786097
2026-03-10,2026-03,349,341,-0.015357272901128627,-0.004670617606396973,0.049813370588662025,-0.00023904261987605247,0.04459274220042887,0.01197921858096547,-0.05682936869799503,-0.017914824568283562,1.7837837837837838,-0.009130077065856432,1.8108108108108107,-0.004766069646903079,1.945945945945946,0.0071143537161006045,1.3783783783783783,-0.021360770514229507
2026-03-11,2026-03,352,345,0.016297145702216555,-0.0032850561094060647,-0.06375009323474866,-0.01035287972901129,0.03507126386939808,0.006782664731321847,0.07740624742914493,-0.0009988150960431466,1.8235294117647058,-0.00784387963881783,1.8235294117647058,-0.014911703258423054,1.9117647058823528,0.002003252966615965,1.3823529411764706,-0.0044546974489843225
2026-03-12,2026-03,340,331,-0.04897959900338158,-0.0004881934938594035,-0.04968206188904384,0.0030211237305883282,-0.019917717461004292,0.0026605996891728443,-0.1507237190807397,-0.013620974989654654,1.8823529411764706,-0.0051940758468005796,1.7647058823529411,-0.0013906409752940246,1.911764705882353,-0.0021188120755330385,1.411764705882353,-0.017150386754360536
2026-03-13,2026-03,281,273,0.06634705184988347,0.0005397864608358317,0.13725238067406276,0.020981788050116416,0.02431371838507419,0.014536370595678303,0.07849436966521744,0.020889965617324313,1.696969696969697,-0.0037026377815884103,1.7575757575757576,0.01658784865617702,1.8787878787878787,0.009839400898708606,1.3939393939393938,0.01740511713247583
2026-03-16,2026-03,331,321,0.099611107828831,0.0011779376189776092,0.017668636487814172,-0.0070938299279287124,0.03504551746228799,0.008188872715362967,0.0024016976673620263,0.007501046266758408,1.8125,-0.0033533123810223905,1.84375,-0.011703204927928711,1.84375,0.003579497715362967,1.34375,0.004141671266758408
2026-03-17,2026-03,288,282,0.014304412360244047,0.006004255238587256,0.05686773203966229,0.022484414502657344,-0.07406497589584901,-0.005092160767213595,-0.15132380068239634,-0.02177772346556458,1.90625,0.001238630238587256,1.8125,0.017953164502657343,1.875,-0.009779660767213594,1.15625,-0.02466834846556458
2026-03-18,2026-03,308,307,0.016165442778406886,-0.006227949894234983,0.009627221184853577,0.010233474053432112,0.0412016675589319,0.0002368025167566501,0.024878666445979306,-0.006116350201236024,1.9032258064516128,-0.010986014410364016,1.9354838709677418,0.005394764376012758,2.0,-0.00476319748324335,1.2580645161290323,-0.009261511491558605
2026-03-19,2026-03,278,267,0.030972889486659008,-0.0009380952771174001,-0.028488207809205825,-0.004421490065046749,0.019928917652360115,-0.006800214250521448,-0.0988620212057248,-0.02255285631558811,1.8709677419354838,-0.00561551463195611,1.8709677419354838,-0.009098909419885459,1.967741935483871,-0.011719569089231125,1.3870967741935483,-0.02602059825107198
2026-03-20,2026-03,269,266,0.10007301249037949,-0.004933799634729438,0.09608160873807556,0.020587631050889194,0.06475865083422466,0.009571681226324241,0.19476286473456755,0.027422257745056515,1.7777777777777777,-0.009378244079173884,1.6296296296296295,0.01651355697681512,1.9259259259259258,0.004756866411509427,1.1851851851851851,0.024459294782093553
2026-03-23,2026-03,260,257,-0.11516775459177184,-0.01975288775215703,-0.10436586997896677,-0.022192252764997946,0.05559785824911644,0.019656644262563406,-0.08897719242546828,-0.02135890159907041,1.7407407407407407,-0.024104739604008885,1.7037037037037037,-0.026451512024257204,1.925925925925926,0.01484182944774859,1.2222222222222223,-0.024414457154625965
2026-03-24,2026-03,328,324,0.051412497464633194,0.009799763959549672,0.0003688269008814025,0.011965081670395377,-0.023474801061011012,-0.009929862123064952,0.05200347173839523,-0.018376832571912468,1.90625,0.005034138959549672,1.78125,0.007511956670395377,1.90625,-0.01469548712306495,1.15625,-0.02126745757191247
2026-03-25,2026-03,297,294,0.1450054600393199,0.008695263240962037,0.10029829103712318,-0.014949904432797572,0.03107350584889879,0.0038279326505165157,-0.11950638230042566,-0.020913905136718862,1.84375,0.004085888240962037,1.875,-0.019637404432797573,1.90625,-0.0009376923494834842,1.21875,-0.023960780136718863
2026-03-26,2026-03,325,319,0.0741130360246111,0.013039044121793783,0.10360583377831105,0.020170220895118555,-0.052252537735624355,-0.008368096569948757,0.006982329801123005,-0.0035662895293805397,1.6875,0.008820294121793783,1.9375,0.015326470895118554,1.875,-0.013055596569948758,1.53125,-0.00739441452938054
2026-03-27,2026-03,264,260,-0.010499089990418028,0.005997973340337697,-0.01821833767859579,0.019298607675895477,0.0011331858615591696,0.007845314919035819,-0.04216553946089781,-0.006215345332617254,1.90625,0.0012323483403376967,1.90625,0.014532982675895478,1.9375,0.0030015649190358188,1.5,-0.009965345332617254
2026-03-30,2026-03,337,328,-0.10371205268840682,-0.011761388856133925,-0.00708441019363315,0.00923455666705092,0.03103563286280075,0.010464697287445483,0.05214262293835526,0.02748224959121008,1.787878787878788,-0.016231085825830896,1.7272727272727273,0.004916374848869101,1.9090909090909092,0.00569197001471821,1.3030303030303032,0.024224673833634323
2026-03-31,2026-03,296,289,-0.07627958872010396,-0.016568982876904302,0.08398991696115209,0.01107943253115164,0.004085984040579032,0.003056340288459098,0.41658360980394876,0.054686580849519696,1.7878787878787878,-0.021038679846601273,1.7878787878787878,0.00660973556145467,1.878787878787879,-0.0016406294085105988,1.3636363636363635,0.051277489940428786
2026-04-01,2026-04,311,308,0.09287839799462212,-0.002081940755066406,0.1556476367967298,0.01656578562902837,-0.007619524445454445,-0.0023846321067917684,-0.02865252697325435,-0.009974455606738248,1.7741935483870968,-0.006517424626034148,1.7419354838709677,0.012210946919350952,1.967741935483871,-0.007303986945501446,1.4516129032258065,-0.013603487864802765
2026-04-02,2026-04,279,275,-0.050846352508546036,0.005317655953813614,-0.04617882217888745,-0.019329169990936895,0.004370973871268079,-0.004569454212568217,0.03363336980185437,0.005645831388134702,1.9032258064516128,0.0005595914376845821,1.8387096774193548,-0.023925944184485282,1.8387096774193548,-0.009166228406116604,1.3225806451612903,0.002339379775231476
2026-04-06,2026-04,323,318,-0.003645169332464987,-0.0033807149383204976,-0.01630506780340734,-0.004725252417347742,0.05974091922861053,0.0031199194380590774,0.11283323398009089,0.008178723478032324,1.84375,-0.007990089938320497,1.78125,-0.009178377417347741,1.90625,-0.0016457055619409225,1.34375,0.004819348478032325
2026-04-07,2026-04,247,243,-0.056372592021526995,0.005172569466450713,0.09343986184899374,0.006371763608454488,0.08980684772809912,0.008371113811438546,-0.14835540251706553,-0.030266238091941747,1.875,0.0004850694664507134,1.875,0.0016842636084544883,1.90625,0.003605488811438546,1.40625,-0.03378186309194175
2026-04-08,2026-04,283,278,0.19146890077324474,0.03104770425652577,0.11792473712144239,0.03939863917092959,0.1599393458393769,0.019035503892410436,-0.2832560354002895,-0.033330127347177295,1.857142857142857,0.02640484711366863,1.8928571428571428,0.03466649631378673,1.8928571428571428,0.01430336103526758,1.357142857142857,-0.03672298449003444
2026-04-09,2026-04,312,308,0.038506930678070074,-0.010619809565425766,0.20270683225495917,0.0076084488627728986,0.003989069176034588,0.0005310072966800399,-0.2355735095224563,-0.028108184155054526,1.8387096774193548,-0.015216583758974153,1.7741935483870968,0.0031729649918051566,1.9032258064516128,-0.004227057219448992,1.2258064516129032,-0.031172700284086783
2026-04-10,2026-04,281,274,-0.0529547927289415,-0.004256183887015154,0.08932062345042198,0.00623331753016354,0.10163469881160231,0.017566651253346104,-0.23469588638059904,-0.02248365812073001,1.7741935483870968,-0.008691667757982895,1.7419354838709677,0.0018784788204861212,1.9032258064516128,0.012808586737217072,1.0,-0.024983658120730008
2026-04-13,2026-04,304,295,-0.057717115171065383,-0.011558174131052526,-0.1367536227083113,-0.009870208232307753,0.01281726686494174,0.0020382906174540028,0.22512322845744454,0.0031890577463686703,1.7999999999999998,-0.016058174131052524,1.9666666666666666,-0.01478687489897442,1.9333333333333333,-0.002795042715879331,0.9666666666666666,0.000772391079702004
2026-04-14,2026-04,316,309,-0.14195992316691897,-0.02678909286245416,-0.05765389090141669,0.002526816575187288,0.07364363969505049,-0.012936193678275192,-0.0260015654979689,0.0074927745258999675,1.9032258064516128,-0.03154715737858319,1.935483870967742,-0.002311893102232067,1.6774193548387097,-0.017129742065371965,0.9354838709677419,0.005154064848480612
2026-04-15,2026-04,296,292,-0.11304423687556733,-0.01757234235800701,-0.19684965610591545,-0.02244307302359882,0.03276838811602161,0.004012835600003554,0.17916313848517237,0.01657170075741531,1.7419354838709677,-0.02192718106768443,1.8387096774193548,-0.02703984721714721,1.935483870967742,-0.0008258740774158011,0.967741935483871,0.014152345918705633
2026-04-16,2026-04,309,301,-0.07875537681566647,-0.017120764471918078,-0.16727161507188099,-0.028502350088542443,0.0768188669341884,0.002624858411294273,0.012055185653682365,-0.033705570939676674,1.9,-0.02187076447191808,1.8333333333333333,-0.033085683421875775,1.8666666666666667,-0.0020418082553723934,1.1333333333333333,-0.03653890427301001
2026-04-17,2026-04,303,296,-0.09936792984230669,0.0006509772940522388,0.038963857002085246,0.0008876162013533549,0.037149447064534546,0.004675616355697065,-0.11882483534565914,-0.01112145595582803,1.9,-0.004099022705947761,1.6,-0.003112383798646645,1.9,-7.43836443029347e-05,1.0333333333333332,-0.013704789289161363
2026-04-20,2026-04,361,355,-0.07389130273947293,-0.011649674147860032,-0.14033546942528968,-0.014590052941409274,-0.0224536423416698,0.007506249753007477,-0.13349023672993826,-0.014228905660411042,1.8333333333333333,-0.016233007481193364,1.8611111111111112,-0.019242830719187053,1.9444444444444444,0.002645138641896367,1.1388888888888888,-0.017076127882633265
2026-04-21,2026-04,333,323,0.0125221961256713,0.0012771748290227383,0.027145387109283787,0.0023468883843543523,0.034072707605709115,-0.0035883867209148233,0.16348596875655846,0.017993861800131034,1.8055555555555556,-0.003236714059866151,1.9166666666666665,-0.002444778282312314,1.9166666666666665,-0.00838005338758149,1.1944444444444444,0.015007750689019923
2026-04-22,2026-04,410,403,-0.10263451978386877,-0.0010753673385460738,-0.11084878185166819,-0.011799429060034864,0.022215396007761647,0.006851695562031501,0.1047986095301854,0.030168265728075783,1.725,-0.005387867338546074,1.7750000000000001,-0.016236929060034863,1.9000000000000001,0.002101695562031501,1.25,0.027043265728075784
2026-04-23,2026-04,403,394,0.24841191807057705,0.023280778459533677,0.056471842869304616,0.020422683335080984,0.08702898683583622,0.01027161298311561,0.08150257734782188,0.01804293662768621,1.825,0.018718278459533676,1.825,0.015860183335080984,1.85,0.005646612983115609,1.075,0.015355436627686212
2026-04-24,2026-04,326,325,-0.059750398371823145,0.011947013862010695,-0.008693792303910201,0.008708276414190808,-0.058872539927558976,0.0016661927452994094,0.054707478835653064,0.0064026076587349184,1.8974358974358974,0.007203424118420952,1.794871794871795,0.00422109692701132,1.9230769230769231,-0.0031414995623928986,1.1538461538461537,0.003517992274119534
2026-04-27,2026-04,376,363,0.021654451103952484,-0.0018082319003380352,0.019690628452840628,-0.0046382921441481045,-0.026645097331226116,0.005163740309230133,0.1783434731079632,0.040023460075636,1.8055555555555556,-0.006322120789226925,1.8055555555555556,-0.009152181033036994,1.9166666666666665,0.0003720736425634665,1.0,0.037523460075636
2026-04-28,2026-04,380,373,0.04015223334602488,0.0060340881423954,0.007188798864798925,0.00629904650014009,0.08936929284674863,0.0036563486162088546,-0.02063164892889986,-0.010135417192041495,1.8918918918918919,0.0013043584126656701,1.8378378378378377,0.0017044519055454954,1.864864864864865,-0.0010058135459533077,1.027027027027027,-0.012702984759609062
2026-04-29,2026-04,512,504,-0.057330397286975546,0.0003103098416084981,0.017900554875883753,0.011223322384377786,-0.009476195004034443,0.003996221235366657,0.09419323883591596,-0.010844012483674266,1.9000000000000001,-0.004439690158391502,1.82,0.0066733223843777854,1.86,-0.0006537787646333426,1.32,-0.014144012483674265
2026-04-30,2026-04,524,509,-0.05983578976505405,-0.013874301551206844,0.006113854962478369,-0.00019427590410949283,-0.032505927085455424,0.0015029111571462205,0.020731414893106835,0.018717803258119784,1.843137254901961,-0.018482144688461745,1.843137254901961,-0.004802119041364395,1.9019607843137254,-0.0032519908036380933,1.196078431372549,0.01572760717968841
2026-05-01,2026-05,445,434,-0.07673201237868334,-0.005001062502508569,0.04530745264402843,0.004932553004048315,0.035221963489805046,-0.0002063222158606476,-0.23029752710592558,-0.033778999370083336,1.9215686274509804,-0.00980498407113602,1.9607843137254901,3.0592219734589324e-05,1.9411764705882353,-0.0050592633923312366,1.2352941176470589,-0.036867234664200985
2026-05-04,2026-05,443,434,0.07413329485866994,-0.0006848695896475871,0.06119427268557586,0.0038693448805132108,0.08069921439695102,0.007406484511346105,0.03626990922205014,0.0043543190151267164,1.813953488372093,-0.005219753310577819,1.9767441860465116,-0.0010725155846030682,1.8604651162790697,0.0027553217206484305,1.0232558139534884,0.0017961794802429953
2026-05-05,2026-05,554,538,0.06705634043318158,0.006374818511197593,0.07399201797699623,0.01330769960973609,0.07449094498398616,0.007070178046728014,-0.1569549248936453,-0.024603482517901846,1.7407407407407407,0.0020229666593457414,1.9629629629629628,0.008400292202328683,1.9444444444444444,0.0022090669356169034,1.2592592592592593,-0.027751630666049992
2026-05-06,2026-05,435,427,0.006844722014419049,0.0077909221217344225,-0.00650220381824549,-0.0012537776834683463,-0.004201046992495284,0.0001775604326186165,-0.12160579201964625,-0.02734043746782594,1.8518518518518519,0.003161292492104793,1.9074074074074074,-0.006022296201986865,1.8333333333333333,-0.004405772900714716,1.0185185185185186,-0.029886733764122236
2026-05-07,2026-05,615,598,0.05350213139972733,0.0018748386966263072,0.004693638120914512,-0.002398633926881104,-0.023126720486331683,-0.0019988286217905195,0.2386058663124567,0.027622531517975304,1.7833333333333332,-0.002583494636707026,1.95,-0.007273633926881104,1.9333333333333333,-0.006832161955123853,1.3,0.024372531517975304
2026-05-08,2026-05,355,347,-0.060163943919919215,-0.023194541239686874,0.04605699146558599,0.011594427544218147,0.024432793623423855,0.015010574536982855,-0.21715636804018607,-0.042379761421214246,1.9,-0.027944541239686874,1.95,0.006719427544218147,1.9666666666666666,0.010093907870316188,1.5166666666666666,-0.04617142808788091
2026-05-11,2026-05,444,429,-0.030451705763688705,-0.01371069506971366,0.0017981347242939775,0.011696704852640101,0.04223962680518472,0.014134514616350359,-0.22657559082171108,-0.037438101812941806,1.8837209302325582,-0.018419997395295054,1.9302325581395348,0.0068711234572912646,1.9534883720930232,0.009250793686117802,1.2325581395348837,-0.040519497161779015
2026-05-12,2026-05,367,365,-0.018789856541729374,-0.003687624588445154,0.0688669353326293,0.002636467480039909,-0.08601186393978091,-0.025742440656631192,0.20352141743761323,0.012622965685071593,1.8372093023255813,-0.008280647844259107,1.7674418604651163,-0.001782137171122882,1.9069767441860463,-0.03050988251709631,1.2093023255813953,0.009599709871118104
2026-05-13,2026-05,406,396,-0.0860954246036683,-0.0177912233684388,-0.018297327162095606,0.017411896214462874,-0.03288090131905968,-0.005204045813858032,0.029006706169075785,0.003541508928210901,1.8,-0.0222912233684388,1.85,0.012786896214462874,2.0,-0.010204045813858031,1.2249999999999999,0.0004790089282109013
2026-05-14,2026-05,376,365,-0.036688644029636765,-0.012868492651303394,0.08950116857362232,0.019123131644560483,-0.013537114700105619,0.0005683155648419525,-0.04025588578677617,0.0029455712195264453,1.8,-0.017368492651303392,1.9,0.014373131644560482,1.975,-0.0043691844351580475,1.175,8.071219526445319e-06
2026-05-15,2026-05,369,361,0.059280081353148203,0.008819950607742981,-0.0006975799498719184,-0.014195007378977446,-0.02518046395241631,-0.013493210512322251,-0.13782100791399238,-0.019586850222108515,1.8333333333333333,0.0042366172744096485,1.8055555555555554,-0.018708896267866336,1.8888888888888888,-0.018215432734544474,1.1666666666666665,-0.02250351688877518
2026-05-18,2026-05,317,313,-0.09575303176410294,-0.003884606094351222,-0.06454088300683204,-0.0017200135337124452,-0.013177162761486163,-0.008379677028699708,0.30784861359216864,0.07167934718985243,1.972222222222222,-0.008815161649906776,1.8333333333333333,-0.006303346867045778,1.972222222222222,-0.013310232584255264,1.3333333333333333,0.0683460138565191
2026-05-19,2026-05,322,316,0.13776965156045673,0.0051333279672486805,0.04026442645201869,0.0008878702314849309,0.03068964401759833,0.010596158013054805,-0.05633337832235056,-0.008814961532854732,1.8125,0.0006020779672486808,1.84375,-0.003721504768515069,1.90625,0.005830533013054805,1.1875,-0.011783711532854731
2026-05-20,2026-05,329,326,-0.10209228967261028,-0.00691027964262716,0.04382253800020128,0.0030372194554958,0.03607944058057297,0.004368040671075916,0.13561320466619353,-0.011604582203871106,1.8181818181818181,-0.011455734188081705,1.878787878787879,-0.001659750241473897,1.9696969696969697,-0.0005562017531665076,1.1818181818181819,-0.01455912765841656
2026-05-21,2026-05,322,316,-0.07093847033744483,0.005798046367902935,-0.08027209175134187,-0.007832867562956255,-0.06554465344201918,0.008484709755232658,0.016159565215555137,-0.021452705434074598,1.8484848484848486,0.0011768342466908135,1.9090909090909092,-0.012605594835683527,1.9090909090909092,0.0037119824825053854,1.121212121212121,-0.024255735737104902
2026-05-22,2026-05,262,261,-0.050798891501629084,0.006780636375735676,0.05605160231078216,0.015120205756630393,0.0726353752072663,0.012403592611503485,-0.1360277252602329,0.010768901775875616,1.6875,0.0025618863757356754,1.71875,0.010823330756630393,1.9375,0.007559842611503485,1.375,0.007331401775875617
2026-05-26,2026-05,399,397,0.05437242468591791,-0.0011550617186403265,0.03022317159677088,0.007312341017578938,-0.012971439191124966,0.001494174214214794,-0.04773113688744474,-0.005511363602766838,1.7750000000000001,-0.005592561718640326,1.7750000000000001,0.0028748410175789387,1.925,-0.003318325785785206,1.375,-0.008948863602766838
2026-05-27,2026-05,284,281,-0.10314406335881958,-0.018325021065519045,-0.11031071291535811,-0.015061467684101989,-0.04914730623371922,0.00125871764726458,0.14269176522483276,0.012301968885399334,1.775,-0.022762521065519046,1.775,-0.01949896768410199,1.875,-0.00342878235273542,1.25,0.009176968885399334
2026-05-28,2026-05,282,279,-0.0811669222420451,0.0008356620081864212,-0.033722456468630264,-0.007968624497486119,0.07985811136033318,0.020143527496434784,-0.025055510502648638,-0.028493750140303656,1.8214285714285714,-0.0037179094203850073,1.8214285714285714,-0.012522195926057546,1.857142857142857,0.01550067035357764,1.2857142857142856,-0.03170803585458937
2026-05-29,2026-05,236,234,-0.009448081320757768,0.007259557732604657,-0.044326141195675704,-0.010195414997899357,0.011334911696948889,-0.010792648744745652,-0.03643451546787056,-0.009018996555409484,1.7857142857142856,0.0027952720183189433,1.75,-0.014570414997899357,1.9285714285714284,-0.015614077316174223,1.3571428571428572,-0.012411853698266627
2026-06-01,2026-06,300,299,-0.005220071846955326,0.004092722960503621,0.058474182991997886,0.013376351809774511,0.015598635094429316,0.0033287630302209943,-0.1388562712280368,-0.014910520281274866,1.8666666666666667,-0.0005739437061630451,1.7333333333333332,0.009043018476441178,1.9333333333333333,-0.0015045703031123393,1.3333333333333333,-0.0182438536146082
2026-06-02,2026-06,262,261,0.11059520857621602,0.013854216100736028,0.06489996452001887,0.015273625801581057,0.13591997206925185,0.02431977479407732,-0.08000743308639341,-0.006488392974043544,1.9000000000000001,0.009104216100736029,1.8,0.010773625801581057,1.9000000000000001,0.01956977479407732,1.4333333333333333,-0.010071726307376877
2026-06-03,2026-06,251,250,-0.09478037816168997,-0.0035861429895930764,0.056104442239715495,-0.002865301471810985,-0.02292544544212628,0.004700405356451519,0.2891656232214001,0.034855542989110595,1.7692307692307694,-0.00800921991267,1.7692307692307694,-0.007288378394887909,1.8846153846153848,-1.1133105086943464e-05,1.1923076923076923,0.031874773758341364
2026-06-04,2026-06,254,253,0.02090183042839904,-0.012181000067352845,0.005849238044684839,0.020014146312751037,0.05417857410929888,-0.0009367433809464171,-0.26687769004461515,-0.05299232038912559,1.92,-0.016981000067352845,1.92,0.015214146312751038,1.8800000000000001,-0.005636743380946417,1.08,-0.05569232038912559
2026-06-05,2026-06,250,247,-0.050702477282745344,-0.005825035427235892,0.0011401538657775138,0.01812687128559165,-0.004318539729917798,-0.008405105058111713,0.28471098737579803,0.039769986749472575,1.8,-0.010325035427235892,1.8800000000000001,0.013426871285591651,1.92,-0.013205105058111712,1.08,0.037069986749472573
2026-06-08,2026-06,284,282,-0.020247080130592666,-0.0012518203205526901,-0.037147806051102905,0.005281852713525266,0.047028453892340935,0.0024598503563257124,0.08554275251658734,0.02350527997058628,1.8571428571428572,-0.005894677463409833,1.8214285714285714,0.0007282812849538373,1.9642857142857142,-0.0024508639293885732,1.1071428571428572,0.020737422827729134
2026-06-09,2026-06,273,272,-0.13987985199542377,-0.018006906374223114,-0.006682179197632566,0.00543429799365208,0.04575196839538319,0.010678485686448589,0.19968953330911252,0.026942710261044167,1.8928571428571428,-0.022739049231365972,1.8928571428571428,0.0007021551365092235,1.9285714285714284,0.0058570571150200175,0.9642857142857142,0.02453199597532988
2026-06-10,2026-06,288,286,-0.04424298067489849,-0.011628298618384433,-0.043453977935127584,-0.013954712476410194,-0.06264421465407828,0.0022209295412104705,-0.054756486226043996,-0.012274906985634848,1.8275862068965516,-0.016197264135625812,1.896551724137931,-0.01869609178675502,1.8620689655172413,-0.0024342428725826325,1.2413793103448276,-0.015378355261496918
2026-06-11,2026-06,315,312,-0.0031750931966766666,-0.016852466372883037,0.03997918161836528,0.01077040240819867,0.005874541057478819,0.0023793852826235248,0.018488234123126106,-0.005572872894022415,1.9032258064516128,-0.021610530889012068,1.6129032258064515,0.0067381443436825405,1.8387096774193548,-0.0022173889109248623,1.1612903225806452,-0.008476098700474027
2026-06-12,2026-06,310,307,0.10924249169170851,0.009034564991050107,-0.007865920242852757,0.021136315443672886,-0.0012791253529757748,0.008017625315062591,0.1314432797629058,0.023294595709017537,1.935483870967742,0.004195855313630752,1.8064516129032258,0.01662018641141482,1.9032258064516128,0.003259560798933559,1.1935483870967742,0.020310724741275602
2026-06-15,2026-06,339,332,0.05076221919479357,0.002326417440156799,0.02275160056787673,0.0014868053526103358,0.06230348474286693,0.009565588030296904,0.18129981774930962,0.015300763130203295,1.9393939393939394,-0.0025220674083280496,1.9090909090909092,-0.0032859219201169364,1.9090909090909092,0.0047928607575696315,1.121212121212121,0.01249773282717299
2026-06-16,2026-06,307,301,-0.011828478103441063,-0.010882382870795829,0.01447518549102718,0.012719986693752112,0.043737804182631575,-0.01600023506343535,0.08388017017824634,-0.0022214894130222077,1.878787878787879,-0.015579352567765527,1.878787878787879,0.008023016996782414,1.8484848484848484,-0.020621447184647472,1.2424242424242424,-0.005327550019082814
2026-06-17,2026-06,266,261,0.0011327181975010366,-0.01777977728109747,0.056573105066465366,0.040349782852110695,-0.052426601657834304,-0.018746049149175027,-0.016413197505104716,-0.03374925719756034,1.8333333333333333,-0.0223631106144308,1.8666666666666667,0.03568311618544403,1.9000000000000001,-0.023496049149175028,1.0333333333333334,-0.036332590530893674
2026-06-18,2026-06,262,261,-0.060289543720136576,0.0013269130189333435,0.07685110199859761,0.013904067680994631,0.10843277627947445,0.005663294319338119,-0.14715935638445457,-0.02122652802046918,1.7692307692307694,-0.00309616390414358,1.9230769230769231,0.009096375373302323,1.9230769230769231,0.0008556020116458106,1.1923076923076923,-0.02420729725123841
2026-06-22,2026-06,407,404,0.03575979146426553,0.003993341012702612,-0.024005281243081236,-0.008884771163469451,-0.03517717297248334,-0.011932993569328688,0.0011046189482909997,0.008721130931312637,1.8250000000000002,-0.000569158987297389,1.85,-0.01350977116346945,2.0,-0.01693299356932869,1.3,0.0054711309313126375
2026-06-23,2026-06,286,281,-0.0038524792847563155,0.014842811820643318,0.03641388042988376,-0.0014564832396919969,0.0664529649826333,0.0006573686664817224,-0.17557154014150164,-0.021938106130374266,1.875,0.010155311820643317,1.8,-0.0059564832396919965,1.975,-0.004280131333518278,1.2,-0.024938106130374265
2026-06-24,2026-06,286,282,-0.01852926968240195,-0.012139484563712829,0.07409091686382882,0.0005267320751885206,-0.00995616318125694,0.01028353162737176,-0.1870696697397596,-0.021428888306424698,1.857142857142857,-0.016782341706569972,1.7857142857142856,-0.0039375536390971935,1.8928571428571428,0.005551388770228904,1.0357142857142856,-0.024018174020710412
2026-06-25,2026-06,271,264,0.1574511110511273,0.013048449444463083,0.06474729380733527,0.02044934736541508,0.02270699862136183,-0.012797677354313596,-0.3114758941707064,-0.026087356141956966,1.7857142857142858,0.008584163730177369,1.8571428571428572,0.015806490222557937,1.8214285714285714,-0.017351248782885024,1.2142857142857144,-0.029123070427671253
2026-06-26,2026-06,262,259,-0.31619442775162127,-0.035860439110202535,-0.12918547528091226,-0.015383582051258036,0.002583233205108725,0.003729326911340527,0.12309389669951835,0.012890885741555145,1.5384615384615385,-0.03970659295635638,1.8461538461538463,-0.01999896666664265,1.8461538461538463,-0.0008860577040440878,1.3076923076923077,0.009621654972324376
2026-06-29,2026-06,282,280,0.01661270595281236,0.016094756868177518,0.15684363808022314,0.04032326564407742,-0.021412805864981736,-0.025611914240904077,-0.09777289047993971,-0.027723813256498357,1.8571428571428572,0.011451899725320375,1.8928571428571428,0.03559112278693456,1.9642857142857142,-0.030522628526618363,1.2857142857142858,-0.030938098970784072
2026-06-30,2026-06,293,289,0.11953502311331658,3.755357862776117e-05,-0.014815000370094545,-0.004080661322587392,-0.08155325956851005,-0.004715691529406043,-0.08810461510644661,-0.03127397251019318,1.8620689655172413,-0.004617618835165342,1.896551724137931,-0.00882204063293222,1.9655172413793103,-0.009629484632854318,1.2758620689655171,-0.034463627682606975
2026-07-01,2026-07,312,309,0.02860291837675942,0.004415230147839482,-0.05780052077353656,-0.0034423323821838755,-0.036576857659018316,-0.003223933131605788,0.18316871585725022,0.016616280020726425,1.8387096774193548,-0.00018154404570890504,1.8387096774193548,-0.008039106575732263,1.8709677419354838,-0.007901352486444498,1.1935483870967742,0.01363240905298449
2026-07-02,2026-07,289,287,0.022921269956366206,0.010295055420145336,0.02851250267287694,-0.007099854179326144,0.02372680639424312,-0.01884672815957371,0.009628425406673826,0.012571119372850954,1.7741935483870968,0.005859571549177594,1.9032258064516128,-0.011857918695455176,1.8709677419354838,-0.023524147514412418,1.4193548387096775,0.00902273227607676
2026-07-06,2026-07,352,349,0.016646673632590623,-0.0014965550651701853,-0.052564395458439134,8.385390517923717e-05,0.004691998358502898,0.013600525456826797,0.1240653514377648,0.0030418013355826374,1.8571428571428572,-0.006139412208027328,1.8285714285714285,-0.004487574666249335,1.8,0.009100525456826797,1.542857142857143,-0.0008153415215602202
2026-07-07,2026-07,287,287,-0.05603695536662756,0.007306327606587903,0.0283493932425725,0.0038289955427350773,0.040622782322143225,-0.003206970920224218,-0.15507868085657872,-0.02769372462219408,1.8857142857142857,0.0025920418923021885,1.8285714285714285,-0.0007424330286934944,1.8857142857142857,-0.007921256634509932,1.3714285714285714,-0.03112229605076551
2026-07-08,2026-07,270,270,0.13557165371320304,-0.0005728672835643607,-0.0649479913644105,0.006151153526419829,0.03438488001735485,0.001910802118055503,0.33328394993987115,0.020279226703393778,1.9310344827586206,-0.005400453490460913,1.8275862068965516,0.0015821880091784497,1.9655172413793103,-0.0030029909853927727,1.3448275862068966,0.016917157737876536
2026-07-09,2026-07,285,285,-0.09819626069594353,-0.027184184686849435,0.0500277608555527,0.002912693898427069,-0.17101641115269706,-0.012284101289897138,-0.05766664765923476,0.00491933580667913,1.857142857142857,-0.031827041829706575,1.8928571428571428,-0.0018194489587157877,1.9285714285714284,-0.01710552986132571,1.2857142857142856,0.0017050500923934163
2026-07-10,2026-07,252,251,0.12849951135006785,0.020302090609066868,0.06629348063239776,0.006522317802540369,-0.09024262491293907,-0.02428038411295334,0.06159064101208567,0.0021125718020672604,1.7857142857142856,0.015837804894781156,1.9642857142857142,0.0016116035168260833,1.9642857142857142,-0.029191098398667625,1.4642857142857142,-0.001548142483647025
2026-07-13,2026-07,264,262,0.015875689472167956,-0.008448222547931077,0.08879650561555837,0.007344415902286068,0.04494100260359347,-0.001914189346056062,-0.0650248811379452,-0.012049727298655388,1.8461538461538463,-0.013063607163315692,1.9615384615384617,0.0024405697484399143,1.8846153846153848,-0.006625727807594524,1.3846153846153846,-0.015511265760193849
2026-07-14,2026-07,252,249,-0.1136827771612906,0.0039918935996633,0.09164746131017786,0.01352982443935408,0.038351444300023,0.017511690775581228,-0.1686984416934183,-0.020621436030205602,1.8846153846153846,-0.0007196448618751617,1.7307692307692308,0.009202901362431003,1.9230769230769231,0.01270399846788892,1.4230769230769231,-0.02417912833789791
2026-07-15,2026-07,268,265,-0.030411933977928865,0.018579522708513263,-0.043499438518280836,0.017583567428039477,0.03101501313164256,0.001716827594452349,-0.15340263617628538,-0.03521455133238904,1.8461538461538463,0.013964138093128648,1.7307692307692308,0.0132566443511164,1.8461538461538463,-0.002898557020932266,1.3076923076923077,-0.038483782101619804
2026-07-16,2026-07,289,288,-0.1033458316463136,-0.014642937897534613,-0.20625016954186626,-0.01866723171352815,0.08454548437490197,-0.010016864960519109,-0.20794057988306885,-0.013734925681755366,1.8620689655172413,-0.019298110311327714,1.7586206896551724,-0.02306378343766608,1.8275862068965518,-0.014585830477760488,1.4137931034482758,-0.017269408440376055
2026-07-17,2026-07,304,303,0.030810982483788947,0.000775238221958633,0.06051502064834954,0.013612729785363872,0.05617303349699108,0.012110688771577753,0.3142667372863257,0.015436439313238733,1.9666666666666666,-0.004141428444708033,1.7333333333333334,0.009279396452030537,1.9,0.007360688771577753,1.3666666666666667,0.012019772646572066
2026-07-20,2026-07,331,331,0.014775991576521548,-0.0016254242011258134,-0.019059444018045702,-0.00413649605009374,-0.009634585767163206,-0.015313289990632051,-0.04559220126868363,0.017785594480801237,1.8484848484848484,-0.006246636322337935,1.8181818181818181,-0.008681950595548285,1.8181818181818181,-0.019858744536086596,1.1515151515151516,0.014906806602013357
2026-07-21,2026-07,337,336,0.14043150522714176,0.009667152087569653,0.09652404095032623,0.008479222189935982,-0.1128774142329824,-0.005434109215778674,0.3488539382139308,0.046301985252910675,1.8529411764705883,0.005034799146393182,1.8823529411764706,0.0037733398369948056,1.8529411764705883,-0.010066462156955145,1.2058823529411764,0.043287279370557735
2026-07-22,2026-07,399,397,0.09076481606954287,0.006911310037281643,0.03894696562399592,0.011080177522249556,0.016530780417418074,0.0026269081538828985,0.33399768277434433,0.02619968208964124,1.825,0.0023488100372816437,1.85,0.006455177522249556,1.9000000000000001,-0.0021230918461171014,1.15,0.02332468208964124
2026-07-23,2026-07,398,396,0.14396010455297947,0.007334540682047053,-0.11052718877695485,-0.018425358632755084,-0.010985598425795896,0.007403092441360082,0.30157253950287793,0.027863863585811215,1.85,0.0027095406820470532,1.725,-0.022737858632755084,1.9500000000000002,0.0025280924413600813,1.225,0.024801363585811215
2026-07-24,2026-07,310,308,-0.10542294453491169,-0.006013373980654465,-0.1599716328008987,-0.008634456059025178,0.027439668519000725,0.005515190137893341,-0.26733298221692753,-0.04172717076737364,1.675,-0.010200873980654467,1.875,-0.013321956059025176,1.875,0.0008276901378933416,1.325,-0.04503967076737364
2026-07-27,2026-07,312,310,-0.1870832901812519,-0.011132084795528269,-0.07002698858039069,-0.022844496372300203,-0.005365452954940808,0.0011199654033262826,-0.062343448447835174,0.014447173678284748,1.8387096774193548,-0.015728858989076656,1.8709677419354838,-0.027521915727138913,1.935483870967742,-0.0037187442740930724,1.096774193548387,0.01170523819441378
2026-07-28,2026-07,251,248,-0.027853167190608992,-0.013198277819403898,-0.07827755389468026,-0.011033854549450965,0.04013248360085609,-0.003871649722224366,-0.3695253272623791,-0.031722525228841586,1.967741935483871,-0.018117632658113576,1.935483870967742,-0.01587256422687032,1.935483870967742,-0.008710359399643722,1.4516129032258065,-0.035351557486906104
2026-07-29,2026-07,259,258,0.002042097673131253,-0.004113023869640387,0.02391012146184611,0.010588306426936662,0.04303469692299323,0.01276809123330832,-0.5610100772891471,-0.09000244387826543,1.8076923076923077,-0.008632254638871156,1.653846153846154,0.006453691042321277,1.9615384615384617,0.007864245079462165,1.2692307692307692,-0.09317552080134235
2026-07-30,2026-07,293,291,0.054799879605481314,0.014985060589671268,-0.059771104231901385,0.02336924775712873,0.12293924383890853,0.03184525844412253,0.45952430249765996,0.09384669264978368,1.8620689655172413,0.010329888175878165,1.9310344827586208,0.01854166155023218,1.8620689655172413,0.02719008603032943,1.1724137931034484,0.09091565816702506
2026-07-31,2026-07,292,291,-0.17690142765719125,-0.021061865374158197,-0.15075134556297512,-0.03269437760030938,-0.08307555904517838,-0.007852854365475635,-0.36569814043541987,-0.052827623332068786,1.793103448275862,-0.025544623994847852,1.7586206896551724,-0.03709092932444731,1.8620689655172413,-0.012508026779268738,1.3793103448275863,-0.05627589919413775
2026-08-03,2026-08,302,300,-0.12478941281198136,0.0012433081692359241,-0.17640410097022852,-0.016300205065324747,0.06913819600946534,0.015870512199985757,0.4349497478625115,0.0459251357641574,1.8,-0.0032566918307640755,1.9666666666666666,-0.021216871731991414,1.8666666666666667,0.01120384553331909,1.2,0.0429251357641574
2026-08-04,2026-08,326,325,0.02185728281052216,-0.007584389659109177,-0.03145332358517777,0.0009002593571892231,0.0521111398593147,-0.005131499678206964,0.0778080365067476,0.01731193520019402,1.875,-0.012271889659109178,1.875,-0.0037872406428107767,1.90625,-0.009897124678206963,1.34375,0.013952560200194022
2026-08-05,2026-08,338,338,-0.058795587355067486,-0.018618122404933397,0.07034714016798524,0.01116657003614898,0.05971906016517813,0.00340619903373132,0.11400722704338506,0.027050882042043343,1.7941176470588236,-0.023103416522580456,1.7352941176470589,0.006828334742031333,1.911764705882353,-0.0013732127309745625,1.411764705882353,0.02352147027733746
2026-08-06,2026-08,337,337,-0.05882454388390009,-0.018147174161552343,0.018693547769092742,0.00154732326003784,0.09420224249845932,0.021475749860380748,0.02956792693724901,-0.015803587123081126,1.9411764705882353,-0.02300011533802293,1.8235294117647058,-0.0030115002693739245,1.8235294117647058,0.016916926330968984,1.5588235294117647,-0.019700645946610536
2026-08-07,2026-08,360,358,-0.02757775091811834,0.0015947656896668893,0.050975332202857715,0.016353871852631867,0.009745835758819234,0.01038396576611038,-0.06085463622404494,0.00266402377203596,1.6944444444444444,-0.0026413454214442213,1.722222222222222,0.012048316297076311,1.9444444444444444,0.00552285465499927,1.5555555555555556,-0.0012248651168529291
2026-08-10,2026-08,370,368,-0.015181080022636736,-0.009595546721934382,0.06093529181679144,-0.016543233617586348,0.05403135571278097,-0.009961172711424788,-0.20533326699916668,-0.021676624485462273,1.7567567567567568,-0.013987438613826274,1.7027027027027026,-0.020799990374343102,1.8918918918918919,-0.014690902441154518,1.4324324324324325,-0.025257705566543356
2026-08-11,2026-08,300,300,-0.03521870520776206,-0.0020721196449348545,0.033634219038331574,-0.0016668029540948589,0.06619495772175246,-0.006729506726629827,-0.1683400926676963,-0.025896042825290844,1.864864864864865,-0.006734281807097017,1.6486486486486487,-0.005788424575716481,1.9189189189189189,-0.011526804023927124,1.5135135135135136,-0.029679826609074627
2026-08-12,2026-08,306,306,0.0061275789121614166,-0.00909872689031424,0.07717867932251127,0.0005855487208380151,-0.021512622287327577,0.009634992290484075,-0.04046312496269934,-0.017665334156017395,1.8064516129032258,-0.013614855922572305,1.8064516129032258,-0.003930580311420049,1.9032258064516128,0.004876927774355042,1.3548387096774193,-0.021052430930210943
2026-08-13,2026-08,326,322,0.058397868301149104,-0.01968314398899713,-0.023185303009268576,0.011232734655052052,-0.017160621180197233,-0.0019700339434796203,-0.05173363905742405,0.008476196364664706,1.84375,-0.02429251898899713,1.875,0.006545234655052052,1.875,-0.00665753394347962,1.46875,0.004804321364664707
2026-08-14,2026-08,358,355,-0.05294383041439757,-0.001579755741851584,-0.12340666214894042,-0.01087757588093374,-0.0032708063403385826,-0.00514706445375492,0.22134326412284774,0.01755914721923752,1.9166666666666665,-0.00637142240851825,1.8055555555555556,-0.01539146476982263,1.8611111111111112,-0.009799842231532699,1.4444444444444444,0.013948036108126411
2026-08-17,2026-08,376,375,0.018041414734892812,-0.0012599749351195197,-0.0026323647861971377,-0.005764666968843471,0.14835569287470418,0.004642587044991179,-0.015424807814940949,-0.010182231190414087,1.9473684210526314,-0.006128395987751099,1.9210526315789473,-0.01056729854779084,1.9210526315789473,-0.00016004453395618897,1.4210526315789473,-0.013734862769361455
2026-08-18,2026-08,321,321,0.05209476592553741,0.01225165931874226,-0.02970306461910319,-0.004912675320144819,-0.07307725901874138,-0.0067453196668552685,0.0033301651595392867,0.007101434933337154,1.8421052631578947,0.0076463961608475225,1.894736842105263,-0.009649517425407976,1.9473684210526314,-0.011613740719486848,1.3421052631578947,0.0037461717754424173
2026-08-19,2026-08,322,320,-0.06332331499959473,-0.008682359860269866,-0.03397481333552847,-0.00665383472183392,0.01332401562206503,-0.0038015068868483375,0.002264247515554908,0.019254519863298392,1.84375,-0.013291734860269865,1.6875,-0.01087258472183392,1.875,-0.008489006886848338,1.46875,0.015582644863298393
2026-08-20,2026-08,306,304,0.016946387553124987,0.0014701438906663533,-0.019752147426049145,0.004906457191780042,0.0694627225071105,0.0017903104881752323,-0.0875885399815931,-0.012825900849117144,1.8125,-0.0030611061093336464,1.875,0.00021895719178004203,1.9375,-0.0030534395118247677,1.46875,-0.016497775849117144
2026-08-21,2026-08,326,323,0.15128556376928398,0.013900346333501429,-0.011407257113121178,0.0020826314110299095,0.025449996744174183,0.0004754944167594914,-0.30997424782711425,-0.022449533787401083,1.875,0.009212846333501428,1.90625,-0.0026829935889700904,1.875,-0.004212005583240508,1.09375,-0.025183908787401083
2026-08-24,2026-08,347,345,-0.03053407272176193,-0.006275796245890501,0.050817213148277265,0.013401594944357678,0.05505478423417395,0.0009577600306586737,0.00936915486900095,0.00760844832185713,1.8823529411764706,-0.010981678598831677,1.9411764705882353,0.00854865376788709,1.8235294117647058,-0.0036010634987530907,1.2352941176470589,0.004520213027739483
2026-08-25,2026-08,289,287,-0.0024329261155580473,0.008843784811600346,-0.045991923921297743,0.005881502272388997,0.0005379232805564848,0.004574070969665862,-0.19967734558326372,-0.03056986544912748,1.8529411764705883,0.004211431870423875,1.8235294117647058,0.0013226787429772326,1.8529411764705883,-5.8281971510609244e-05,1.1764705882352942,-0.03351104191971572
2026-08-26,2026-08,280,279,0.01869097570636715,0.005346822062943266,0.08028208676170931,0.00979733983671308,0.06622613578470149,-0.007299175560816721,-0.012085159443336595,0.009705955962091888,1.9310344827586206,0.0005192358560467143,1.8620689655172413,0.005142167422919976,1.9655172413793103,-0.012212968664264997,1.4137931034482758,0.0061714732034711985
2026-08-27,2026-08,276,275,-0.009572742663416643,-0.0061811687696379505,0.0010573912297785226,0.023479836018003554,0.05400614033036934,0.0008130273440833235,-0.049338344107296934,-0.0056224188730279335,1.9285714285714284,-0.011002597341066522,1.8214285714285714,0.018926264589432126,1.9285714285714284,-0.004008401227345248,1.3928571428571428,-0.00910456173017079
2026-08-28,2026-08,276,275,0.02758335885830232,-0.0027148646231158393,0.02650398645711763,0.010070457555299605,0.026086130147851813,0.0028665906127886675,0.2926048429674234,0.0316576828268367,1.7857142857142856,-0.007179150337401553,1.7857142857142856,0.0056061718410138905,1.9285714285714284,-0.0019548379586399036,1.1428571428571428,0.028800539969693846
2026-08-31,2026-08,322,319,0.16611010043525232,0.004385132407187766,0.014435917481938326,0.006174355967740915,-0.0071025788070683635,-0.0009141650086798188,-0.198246470683485,-0.024148964012451493,1.8125,-0.00014611759281223363,1.875,0.0014868559677409148,1.96875,-0.005836040008679819,1.40625,-0.027664589012451495
2026-09-01,2026-09,228,226,-0.020911176504793547,-0.0020872853533384535,-0.1441932061716207,-0.0065768543107907786,0.010994498953739319,-0.0021508596792367105,0.1902099573038554,0.021319092456213946,1.9375,-0.0069310353533384534,1.8125,-0.011108104310790779,1.96875,-0.007072734679236711,1.15625,0.018428467456213946
2026-09-02,2026-09,110,110,-0.14710940898851474,-0.014023836657945175,-0.3171253457288803,-0.0247300884489877,0.04597535327954624,-0.023029458866224428,0.27319613191172826,0.03777244132589025,1.8695652173913044,-0.018697749701423436,1.7826086956521738,-0.029186610188118134,1.9130434782608696,-0.027812067561876604,1.391304347826087,0.034294180456325034
2026-09-03,2026-09,115,115,0.011279908624476743,-0.0017339450654560995,0.10200840765507037,0.016041694949077995,-0.05129854117803768,0.0035168302569607117,0.019648070701491358,-0.01035420635673956,1.5,-0.005483945065456099,1.8333333333333333,0.011458361615744664,1.8333333333333333,-0.0010665030763726208,0.75,-0.01222920635673956
2026-09-04,2026-09,110,110,0.0034894100462904308,0.004876472296414585,-0.20949083466540536,-0.004258880052654129,-0.005693946969216209,-0.0030301855245478734,0.1868629263124676,0.02099150391144986,1.6666666666666667,0.0007098056297479179,1.75,-0.00863388005265413,2.0,-0.008030185524547873,0.6666666666666667,0.019324837244783195
2026-09-08,2026-09,107,107,0.0469984888970847,-0.00035319921633016754,-0.06475946031353381,0.011797348351829884,0.14618233115852583,0.015515442354536755,0.20432414428182372,0.024490462758884658,1.4545454545454546,-0.003989562852693805,1.6363636363636365,0.007706439260920793,1.5454545454545454,0.01165180599090039,0.9090909090909092,0.022217735486157384
2026-09-11,2026-09,82,81,0.08329251967218468,0.007673522555823195,0.2734732969819658,0.0018217754847862921,0.06696741963845546,0.010522909553555546,0.3269337512652235,0.008814496303390942,2.0,0.002673522555823195,2.0,-0.003178224515213708,2.0,0.0055229095535555455,2.0,0.0038144963033909423
